# BEAST v10.5.0-beta4 Prerelease #46f5180b7
# Generated Mon Oct 28 22:11:02 CET 2024 [seed=1730149708890]
# -window -working -options
state	joint	prior	likelihood	rootHeight	age(root)	treeLength	exponential.popSize	exponential.growthRate	kappa	frequencies1	frequencies2	frequencies3	frequencies4	alpha	clock.rate	meanRate	treeLikelihood	branchRates	coalescent
0	-23329.029134035623	-62.9403418103347	-23266.088792225288	1.9614094411969205	2007.441590558803	9.992742544124967	1.0	0.0	2.0	0.2500000001	0.2499999999	0.2500000001	0.2499999999	0.5	0.001	9.999999999999998E-4	-23266.088792225288	0.0	-54.36893391501321
100	-22649.351298467853	-181.88939145798255	-22467.46190700987	2.798433433359871	2006.6045665666402	21.90366733150959	1.0	0.0	2.0	0.25895608691720123	0.2499999999	0.2586011884006578	0.23244272478214092	0.44753601448732194	7.119998163661299E-4	7.119998163661299E-4	-22467.46190700987	0.0	-173.97954518032273
200	-22330.364062187145	-183.57105561236915	-22146.793006574775	2.7940970716680433	2006.6089029283319	24.57437143796567	1.0041371625727775	-1.4060850680581027	2.0	0.25895608691720123	0.2499999999	0.2586011884006578	0.23244272478214092	0.44753601448732194	8.260733460942402E-4	8.260733460942404E-4	-22146.793006574775	0.0	-175.6215370686954
300	-22192.18601101689	-185.822849557174	-22006.363161459714	2.790959825632826	2006.6120401743672	24.41962093462425	1.0041371625727775	-1.8798236812829516	2.9754238051827695	0.25895608691720123	0.2499999999	0.2586011884006578	0.23244272478214092	0.44753601448732194	0.0011498711765448194	0.0011498711765448194	-22006.363161459714	0.0	-177.3225722126491
400	-22017.55749399269	-184.71309884058996	-21832.844395152097	2.8277505263913927	2006.5752494736087	26.402923845185967	1.3681767283513042	-1.667928413335889	2.9754238051827695	0.25895608691720123	0.2499999999	0.2586011884006578	0.23244272478214092	0.44753601448732194	0.001108432767525614	0.001108432767525614	-21832.844395152097	0.0	-175.96174425622453
500	-21876.5029906319	-162.5728339576396	-21713.93015667426	2.485636736164607	2006.9173632638353	25.276154459930588	1.8269905802778934	-1.2783916430206004	3.562584000430571	0.25895608691720123	0.2499999999	0.2586011884006578	0.23244272478214092	0.44753601448732194	0.0012609933286858433	0.0012609933286858433	-21713.93015667426	0.0	-153.2462263971766
600	-21826.404566642155	-179.11494069122517	-21647.28962595093	2.6358890224973135	2006.7671109775026	29.074407434905485	1.843274940424859	-0.8763507420771757	3.562584000430571	0.25895608691720123	0.2499999999	0.2586011884006578	0.23244272478214092	0.44753601448732194	9.837535570245265E-4	9.837535570245259E-4	-21647.28962595093	0.0	-169.98088166649603
700	-21664.90337846783	-170.8434744453255	-21494.059904022502	2.6567173856032413	2006.7462826143967	29.82638148084338	2.6273620355408265	-0.9660869382120088	3.8670918213096908	0.25895608691720123	0.2499999999	0.2586011884006578	0.23244272478214092	0.2657622717059317	9.204109010728331E-4	9.204109010728324E-4	-21494.059904022502	0.0	-161.66602686691124
800	-21571.227044521813	-165.88707050335321	-21405.33997401846	2.526915447388828	2006.8760845526112	28.64693039901512	3.169537921360567	-0.8082178451031756	5.022240260377526	0.2617757120047163	0.24718037481248495	0.2586011884006578	0.23244272478214092	0.2657622717059317	9.887065018825004E-4	9.887065018825004E-4	-21405.33997401846	0.0	-156.1242077527958
900	-21511.726845300094	-145.00766974371527	-21366.71917555638	2.0588672013776934	2007.3441327986222	22.650034859166684	3.169537921360567	-0.3852275317961458	5.022240260377526	0.2617757120047163	0.24718037481248495	0.2586011884006578	0.23244272478214092	0.21418578970364147	0.0011867698251726427	0.0011867698251726427	-21366.71917555638	0.0	-135.14489396737446
1000	-21455.919611477413	-139.69122301903292	-21316.22838845838	1.9991819866063922	2007.4038180133937	22.567332217540148	4.338114353631947	-0.03804130412761508	5.022240260377526	0.2617757120047163	0.24718037481248495	0.2586011884006578	0.23244272478214092	0.13723982546905375	0.0011684790509611884	0.0011684790509611889	-21316.22838845838	0.0	-129.67755038688762
1100	-21363.933453092013	-136.78311776861568	-21227.150335323397	1.9765446337615777	2007.4264553662385	24.07363636593515	6.783046723866431	1.1648332231157357	5.022240260377526	0.2617757120047163	0.23980824490519537	0.2586011884006578	0.2398148546894305	0.13723982546905375	0.0011588457273370668	0.0011588457273370668	-21227.150335323397	0.0	-126.3441107140183
1200	-21357.974995719014	-139.89400862027605	-21218.08098709874	1.754410276432437	2007.6485897235675	24.483934108731717	6.783046723866431	1.1648332231157357	5.022240260377526	0.2617757120047163	0.23980824490519537	0.2586011884006578	0.2398148546894305	0.13723982546905375	0.001133278774363158	0.0011332787743631584	-21218.08098709874	0.0	-129.4747567146533
1300	-21344.02547699545	-138.0078427021496	-21206.0176342933	1.754410276432437	2007.6485897235675	24.558158125683	9.365484731638055	1.1648332231157357	5.022240260377526	0.26434191517571287	0.23724204173419874	0.2586011884006578	0.2398148546894305	0.13723982546905375	9.767272323764897E-4	9.767272323764902E-4	-21206.0176342933	0.0	-127.34333164521249
1400	-21264.13462722755	-161.48727530243917	-21102.647351925112	2.3443290238167998	2007.0586709761833	33.93593483756526	9.365484731638055	1.1648332231157357	9.476755691086646	0.2703209778083093	0.23126297910160232	0.2586011884006578	0.2398148546894305	0.13424036972035758	7.309470114236984E-4	7.309470114236973E-4	-21102.647351925112	0.0	-150.12114287596557
1500	-21221.85924388976	-157.28650401757628	-21064.572739872187	2.293955759127545	2007.1090442408724	33.09450089557657	21.097496613382226	1.1648332231157357	14.903955939397562	0.2703209778083093	0.23126297910160232	0.2586011884006578	0.2398148546894305	0.13424036972035758	7.718697811389705E-4	7.718697811389704E-4	-21064.572739872187	0.0	-144.1765167518623
1600	-21221.433303012625	-174.727006185898	-21046.706296826727	2.9783771248138136	2006.4246228751863	52.1121745646001	28.07298874458009	1.1648332231157357	14.903955939397562	0.2703209778083093	0.23126297910160232	0.2586011884006578	0.2398148546894305	0.13424036972035758	4.525666819657889E-4	4.525666819657885E-4	-21046.706296826727	0.0	-161.82059212718497
1700	-21207.395760176365	-173.95377046787107	-21033.441989708495	3.0807689920307237	2006.3222310079693	52.43125596018764	28.05686684079752	1.1648332231157357	8.740120168056336	0.2703209778083093	0.23126297910160232	0.2586011884006578	0.2398148546894305	0.14083597605232662	4.525666819657889E-4	4.5256668196578886E-4	-21033.441989708495	0.0	-162.06144152502904
1800	-21184.765286685266	-176.4409514657071	-21008.32433521956	3.0807689920307237	2006.3222310079693	53.71447717811974	28.05686684079752	1.1648332231157357	11.528750089545776	0.2703209778083093	0.2170498484668201	0.27281431903544007	0.2398148546894305	0.14083597605232662	4.525666819657889E-4	4.5256668196578913E-4	-21008.32433521956	0.0	-164.05168278037425
1900	-21099.89470551591	-173.98868348341833	-20925.906022032494	3.066089120204664	2006.3369108797954	52.738890653703386	33.4737567655598	1.1648332231157357	12.603895128142089	0.2703209778083093	0.2170498484668201	0.27281431903544007	0.2398148546894305	0.14197271960515326	4.5473348815554493E-4	4.547334881555454E-4	-20925.906022032494	0.0	-161.22999292047072
2000	-21061.621536030438	-173.59755980200435	-20888.023976228433	2.984556078364616	2006.4184439216353	52.53131234889978	33.4737567655598	1.4968167191236412	9.955897699969412	0.2703209778083093	0.2170498484668201	0.27281431903544007	0.2398148546894305	0.14197271960515326	4.5473348815554493E-4	4.54733488155545E-4	-20888.023976228433	0.0	-161.28325399392833
2100	-21033.57259564412	-165.23397271255362	-20868.338622931566	2.539474865111811	2006.8635251348883	45.16765834457462	34.61909829243361	1.4968167191236412	9.955897699969412	0.2703209778083093	0.20341633701348516	0.27281431903544007	0.25344836614276545	0.14197271960515326	5.344323799994848E-4	5.34432379999485E-4	-20868.338622931566	0.0	-152.72839923519857
2200	-21022.615254991175	-164.51101390092742	-20858.10424109025	2.539474865111811	2006.8635251348883	44.519113427366314	34.61909829243361	1.510893496069713	10.836281949193477	0.2711801974532938	0.20255711736850068	0.27281431903544007	0.25344836614276545	0.14197271960515326	5.085255436585619E-4	5.085255436585621E-4	-20858.10424109025	0.0	-151.86698083575837
2300	-20953.43553509894	-165.09995742323002	-20788.33557767571	2.539474865111811	2006.8635251348883	44.90116718320032	34.61909829243361	1.510893496069713	10.836281949193477	0.293874195755621	0.17986311906617344	0.27281431903544007	0.25344836614276545	0.14197271960515326	5.085255436585619E-4	5.08525543658562E-4	-20788.33557767571	0.0	-152.46000266266867
2400	-20921.506920887292	-171.84895600342537	-20749.657964883867	2.6954911503035808	2006.7075088496965	50.20182187311156	33.11281763031749	1.2736652138170028	11.142340062151536	0.293874195755621	0.1959097772080305	0.256767660893583	0.25344836614276545	0.14197271960515326	4.5927428528859827E-4	4.592742852885986E-4	-20749.657964883867	0.0	-159.3110736107684
2500	-20879.671508612097	-173.39973361100917	-20706.27177500109	3.623441351703801	2005.7795586482962	53.28383079037842	33.11281763031749	1.2736652138170028	11.142340062151536	0.293874195755621	0.1959097772080305	0.256767660893583	0.25344836614276545	0.14262951743354693	4.5927428528859827E-4	4.592742852885984E-4	-20706.27177500109	0.0	-160.88891293751976
2600	-20837.878465487327	-172.18478782848752	-20665.69367765884	3.623441351703801	2005.7795586482962	52.09034430872128	33.11281763031749	1.2736652138170028	11.142340062151536	0.293874195755621	0.1959097772080305	0.256767660893583	0.25344836614276545	0.14262951743354693	4.5927428528859827E-4	4.592742852885986E-4	-20665.69367765884	0.0	-159.66318863202412
2700	-20739.009555420736	-173.28025126603399	-20565.729304154702	3.623441351703801	2005.7795586482962	53.51743953035921	35.75377883335597	1.2736260348204662	11.142340062151536	0.3219901648493701	0.1959097772080305	0.2286516917998339	0.25344836614276545	0.0867985034872313	4.5927428528859827E-4	4.59274285288598E-4	-20565.729304154702	0.0	-160.80387330310475
2800	-20709.672677202583	-172.4576493440666	-20537.215027858518	3.344970077416974	2006.058029922583	52.62001816217701	35.75377883335597	1.2736260348204662	11.142340062151536	0.3219901648493701	0.1959097772080305	0.2286516917998339	0.25344836614276545	0.05995409239557753	4.7168697400594683E-4	4.716869740059467E-4	-20537.215027858518	0.0	-160.01292974775416
2900	-20693.66406680221	-176.04650180446492	-20517.617564997745	3.5486802984403263	2005.8543197015597	56.70521453731248	35.75377883335597	1.2736260348204662	11.142340062151536	0.3219901648493701	0.1959097772080305	0.2286516917998339	0.25344836614276545	0.05995409239557753	3.489743892730469E-4	3.4897438927304706E-4	-20517.617564997745	0.0	-163.7948570134088
3000	-20675.21545733254	-177.44355567701996	-20497.77190165552	3.5486802984403263	2005.8543197015597	57.48692605232832	35.75377883335597	1.2736260348204662	11.142340062151536	0.3219901648493701	0.1959097772080305	0.2286516917998339	0.25344836614276545	0.05995409239557753	3.609121545624893E-4	3.6091215456248923E-4	-20497.77190165552	0.0	-165.18097948427123
3100	-20653.095191393724	-175.66789013244826	-20477.427301261276	3.1197849190787106	2006.2832150809213	55.96516964876051	44.784451399966	1.2736260348204662	11.358848888242893	0.3219901648493701	0.1959097772080305	0.2286516917998339	0.25344836614276545	0.05995409239557753	3.609121545624893E-4	3.609121545624896E-4	-20477.427301261276	0.0	-163.12169953391813
3200	-20653.243051674865	-180.6164293133328	-20472.62662236153	3.684933143308907	2005.7180668566912	61.92702959916019	44.784451399966	1.354405790386428	11.358848888242893	0.3219901648493701	0.1959097772080305	0.2286516917998339	0.25344836614276545	0.10413370207168243	3.1931165130975235E-4	3.1931165130975235E-4	-20472.62662236153	0.0	-168.09334329758187
3300	-20655.402428215042	-181.99983812068874	-20473.402590094352	3.684933143308907	2005.7180668566912	62.86491705466602	44.784451399966	1.354405790386428	11.358848888242893	0.3219901648493701	0.1959097772080305	0.2286516917998339	0.25344836614276545	0.07337084899748211	3.1931165130975235E-4	3.1931165130975224E-4	-20473.402590094352	0.0	-169.54549408302825
3400	-20630.161108490844	-182.01571152801617	-20448.145396962827	3.684933143308907	2005.7180668566912	62.620990128994606	44.784451399966	1.354405790386428	11.358848888242893	0.3219901648493701	0.1959097772080305	0.2286516917998339	0.25344836614276545	0.07337084899748211	3.0444194534959165E-4	3.044419453495918E-4	-20448.145396962827	0.0	-169.58427626115932
3500	-20622.98073041388	-183.29047781669925	-20439.690252597182	3.696987562680734	2005.7060124373193	63.25499244545775	44.784451399966	0.9619948954575965	11.358848888242893	0.3219901648493701	0.1959097772080305	0.2286516917998339	0.25344836614276545	0.08514163584796561	3.0444194534959165E-4	3.0444194534959187E-4	-20439.690252597182	0.0	-170.8442688326711
3600	-20620.250019672323	-181.87979265623343	-20438.37022701609	3.67100824251025	2005.7319917574898	62.731372862909055	44.784451399966	1.0570844800368389	11.358848888242893	0.3219901648493701	0.1959097772080305	0.2286516917998339	0.25344836614276545	0.08514163584796561	3.0444194534959165E-4	3.044419453495918E-4	-20438.37022701609	0.0	-169.42863600347448
3700	-20619.82496404632	-182.6936722547915	-20437.131291791527	3.6798140320248587	2005.7231859679753	64.18658171511576	44.784451399966	1.0570844800368389	11.358848888242893	0.33424576574755144	0.18365417630984912	0.2286516917998339	0.25344836614276545	0.08514163584796561	3.3288824944601337E-4	3.328882494460131E-4	-20437.131291791527	0.0	-170.207049734925
3800	-20612.02498583313	-183.576046711254	-20428.448939121878	3.6087944717063785	2005.7942055282936	65.24737871069894	52.24688129514391	1.0570844800368389	11.358848888242893	0.33424576574755144	0.18365417630984912	0.2286516917998339	0.25344836614276545	0.08514163584796561	3.410010260536127E-4	3.4100102605361246E-4	-20428.448939121878	0.0	-170.9232707533289
3900	-20608.721484587237	-184.56523392078117	-20424.156250666456	3.3783169095619856	2006.024683090438	64.64580971950434	39.25205787383888	1.0570844800368389	11.358848888242893	0.33424576574755144	0.18365417630984912	0.2286516917998339	0.25344836614276545	0.08514163584796561	3.410010260536127E-4	3.410010260536125E-4	-20424.156250666456	0.0	-172.20671698170435
4000	-20603.896342660828	-182.25412785853922	-20421.64221480229	3.1618005406747667	2006.2411994593253	62.67392961351393	44.31885430588967	1.0570844800368389	11.358848888242893	0.33424576574755144	0.18365417630984912	0.2286516917998339	0.25344836614276545	0.08514163584796561	3.3330491237655374E-4	3.3330491237655374E-4	-20421.64221480229	0.0	-169.7663389891797
4100	-20598.352999986088	-181.8766203957552	-20416.47637959033	3.1618005406747667	2006.2411994593253	62.256015193848434	44.31885430588967	1.0570844800368389	11.358848888242893	0.33424576574755144	0.18365417630984912	0.2286516917998339	0.25344836614276545	0.08514163584796561	3.3330491237655374E-4	3.333049123765535E-4	-20416.47637959033	0.0	-169.38562561670588
4200	-20588.796555321787	-187.47553601590553	-20401.32101930588	3.6284920916037664	2005.7745079083963	70.70813033627881	52.29086628445313	1.0570844800368389	11.358848888242893	0.33424576574755144	0.18365417630984912	0.2478187935179641	0.23428126442463526	0.08514163584796561	2.6664021294145034E-4	2.6664021294145045E-4	-20401.32101930588	0.0	-174.9884511652187
4300	-20584.675798050237	-187.83825799866	-20396.837540051576	3.523866380755676	2005.8791336192444	71.12810118497154	52.29086628445313	1.0570844800368389	11.358848888242893	0.33424576574755144	0.18365417630984912	0.2478187935179641	0.23428126442463526	0.08514163584796561	2.809544698553212E-4	2.809544698553212E-4	-20396.837540051576	0.0	-175.32685778834596
4400	-20587.240262937696	-186.61491624164952	-20400.625346696048	3.584463168775025	2005.818536831225	70.03077197565702	52.29086628445313	1.0570844800368389	11.358848888242893	0.33424576574755144	0.18365417630984912	0.2478187935179641	0.23428126442463526	0.05824252666790115	2.7858520793979345E-4	2.785852079397935E-4	-20400.625346696048	0.0	-174.1542489271103
4500	-20580.7392757086	-186.36734168633328	-20394.371934022267	3.5632542692589073	2005.839745730741	69.47659001556406	52.29086628445313	1.0570844800368389	11.358848888242893	0.33424576574755144	0.18365417630984912	0.2478187935179641	0.23428126442463526	0.0867853258072802	2.7858520793979345E-4	2.7858520793979345E-4	-20394.371934022267	0.0	-173.84577071861935
4600	-20580.894137308213	-186.08872503575878	-20394.805412272453	3.515719748425985	2005.887280251574	68.12194084080278	52.29086628445313	1.0570844800368389	17.643809024407606	0.33424576574755144	0.18365417630984912	0.2478187935179641	0.23428126442463526	0.0867853258072802	2.7858520793979345E-4	2.785852079397934E-4	-20394.805412272453	0.0	-172.65219487560123
4700	-20580.922064356215	-187.33844680973996	-20393.583617546476	3.422164306137023	2005.980835693863	69.63256219801919	52.29086628445313	1.0570844800368389	17.643809024407606	0.33424576574755144	0.18365417630984912	0.2478187935179641	0.23428126442463526	0.0867853258072802	2.7858520793979345E-4	2.7858520793979356E-4	-20393.583617546476	0.0	-173.9124622921777
4800	-20578.963302304088	-187.48142418348036	-20391.48187812061	3.422164306137023	2005.980835693863	70.17258021734158	52.29086628445313	1.0570844800368389	12.699656169796235	0.33424576574755144	0.18365417630984912	0.2478187935179641	0.23428126442463526	0.0867853258072802	2.7858520793979345E-4	2.7858520793979356E-4	-20391.48187812061	0.0	-174.7469656612116
4900	-20576.171652311037	-185.7841611612782	-20390.38749114976	3.484933926252821	2005.9180660737472	69.15687096723902	52.29086628445313	1.0625665100109785	8.725154821095886	0.33424576574755144	0.18365417630984912	0.2478187935179641	0.23428126442463526	0.0824323182740032	2.7858520793979345E-4	2.785852079397933E-4	-20390.38749114976	0.0	-173.75196162280056
5000	-20575.292429153982	-186.10250129074473	-20389.189927863237	3.463750493894324	2005.9392495061056	69.25329758227892	51.49525976956922	1.0625665100109785	8.725154821095886	0.33424576574755144	0.18365417630984912	0.2478187935179641	0.23428126442463526	0.0824323182740032	2.640612866079527E-4	2.640612866079528E-4	-20389.189927863237	0.0	-174.11486099274677
5100	-20561.76197068018	-182.31739653587982	-20379.4445741443	3.23124240713437	2006.1717575928656	64.96392164507884	57.17970737097137	1.261488163084662	8.725154821095886	0.33424576574755144	0.18365417630984912	0.2478187935179641	0.23428126442463526	0.0824323182740032	2.950547202526886E-4	2.950547202526886E-4	-20379.4445741443	0.0	-170.12913802344698
5200	-20560.01742162503	-182.38970062078315	-20377.627721004246	3.3049896159501784	2006.0980103840498	63.91763372325851	65.54165127515846	1.2809584755349106	8.725154821095886	0.33424576574755144	0.18365417630984912	0.2478187935179641	0.23428126442463526	0.0824323182740032	2.950547202526886E-4	2.950547202526883E-4	-20377.627721004246	0.0	-170.04872550022571
5300	-20558.25116223969	-181.3958065064811	-20376.85535573321	3.346615125882451	2006.0563848741176	63.05155930491715	65.31233311619212	1.2809584755349106	8.725154821095886	0.33424576574755144	0.18365417630984912	0.2478187935179641	0.23428126442463526	0.08859983761746056	2.950547202526886E-4	2.9505472025268865E-4	-20376.85535573321	0.0	-169.03966140663
5400	-20549.92102581152	-182.9742688898897	-20366.94675692163	3.4807126220702718	2005.9222873779297	63.928292859146474	61.51420779470167	1.4754038129461273	8.725154821095886	0.33424576574755144	0.18365417630984912	0.2478187935179641	0.23428126442463526	0.038631490559357815	3.3453771101022453E-4	3.3453771101022464E-4	-20366.94675692163	0.0	-170.72109442545397
5500	-20535.10047496543	-184.38335516580614	-20350.717119799625	3.4807126220702718	2005.9222873779297	64.69977863313719	108.93538411501	1.473689542777347	10.977913118291859	0.33424576574755144	0.18365417630984912	0.2478187935179641	0.23428126442463526	0.038631490559357815	3.1659857586336553E-4	3.165985758633656E-4	-20350.717119799625	0.0	-171.12834030919643
5600	-20534.43195924863	-184.5248800621147	-20349.907079186516	3.825263825195869	2005.5777361748042	64.13666264481576	108.93538411501	1.7376996424730728	10.977913118291859	0.33424576574755144	0.18365417630984912	0.2478187935179641	0.23428126442463526	0.038631490559357815	3.3270386505102767E-4	3.3270386505102794E-4	-20349.907079186516	0.0	-171.23719056149108
5700	-20534.0741217891	-183.78624185205774	-20350.287879937045	3.7511161032704825	2005.6518838967295	62.22841916123888	108.93538411501	1.7376996424730728	10.977913118291859	0.33424576574755144	0.18365417630984912	0.2478187935179641	0.23428126442463526	0.05679762867711703	3.392803700138563E-4	3.392803700138565E-4	-20350.287879937045	0.0	-170.437556519159
5800	-20541.55415025424	-184.03920644935272	-20357.514943804887	3.7511161032704825	2005.6518838967295	62.568598891624355	108.93538411501	1.7376996424730728	10.977913118291859	0.33424576574755144	0.18365417630984912	0.2478187935179641	0.23428126442463526	0.06404527950357078	2.8453346222931733E-4	2.845334622293174E-4	-20357.514943804887	0.0	-170.77004968252612
5900	-20540.534415539463	-185.86351771313585	-20354.670897826327	4.009541753363619	2005.3934582466363	67.90039395670209	108.93538411501	1.600339407526441	10.977913118291859	0.33424576574755144	0.18365417630984912	0.2478187935179641	0.23428126442463526	0.06398245249312087	2.943774340274644E-4	2.943774340274645E-4	-20354.670897826327	0.0	-172.61755793430092
6000	-20538.482839981247	-183.55412816570805	-20354.928711815537	3.487004441884999	2005.9159955581151	66.76593722999422	101.31144043722087	1.600339407526441	10.977913118291859	0.33424576574755144	0.18365417630984912	0.2478187935179641	0.23428126442463526	0.034751824934546885	2.943774340274644E-4	2.943774340274645E-4	-20354.928711815537	0.0	-170.43864614376577
6100	-20539.785022456148	-183.22155819346096	-20356.563464262686	3.2747728392813324	2006.1282271607188	66.39511586364952	101.31144043722087	1.4486443756695921	10.977913118291859	0.33424576574755144	0.1913480209340388	0.24012494889377442	0.23428126442463526	0.034751824934546885	2.943774340274644E-4	2.943774340274643E-4	-20356.563464262686	0.0	-170.10491751764206
6200	-20538.444573729455	-183.74968044197186	-20354.694893287484	3.386511380476036	2006.016488619524	67.73235149619877	92.11574023759432	1.5823705384645204	10.977913118291859	0.33424576574755144	0.1913480209340388	0.24012494889377442	0.23428126442463526	0.034751824934546885	2.943774340274644E-4	2.9437743402746443E-4	-20354.694893287484	0.0	-170.745533124767
6300	-20529.137243115758	-182.6219734102743	-20346.515269705484	3.398271563879149	2006.0047284361208	67.9535549324649	114.173628869518	1.5823705384645204	11.648180120459026	0.33424576574755144	0.1913480209340388	0.24012494889377442	0.23428126442463526	0.034751824934546885	2.943774340274644E-4	2.943774340274644E-4	-20346.515269705484	0.0	-169.26953995882033
6400	-20536.502718418255	-183.2595992758712	-20353.243119142382	3.398271563879149	2006.0047284361208	68.39494400846642	118.99637325116595	1.5799667405620461	11.648180120459026	0.33424576574755144	0.1913480209340388	0.24012494889377442	0.23428126442463526	0.034751824934546885	2.943774340274644E-4	2.9437743402746454E-4	-20353.243119142382	0.0	-169.86414311379212
6500	-20536.445630209542	-183.57727447099694	-20352.868355738545	3.398271563879149	2006.0047284361208	68.69025041170707	118.99637325116595	1.5799667405620461	11.648180120459026	0.33424576574755144	0.1913480209340388	0.24012494889377442	0.23428126442463526	0.06211715403957113	2.943774340274644E-4	2.9437743402746427E-4	-20352.868355738545	0.0	-170.1291549040972
6600	-20532.98782020764	-186.98153631290316	-20346.006283894738	3.9045472706415456	2005.4984527293584	70.87257877806438	118.99637325116595	1.5799667405620461	11.648180120459026	0.33424576574755144	0.1913480209340388	0.24012494889377442	0.23428126442463526	0.06211715403957113	2.8892126588949156E-4	2.8892126588949156E-4	-20346.006283894738	0.0	-173.55815343269424
6700	-20526.138879519218	-183.5057718166865	-20342.63310770253	3.4295345901348036	2005.9734654098652	64.28154896454151	118.99637325116595	1.6537734362230343	11.648180120459026	0.33424576574755144	0.1913480209340388	0.24012494889377442	0.23428126442463526	0.04954037706123432	3.1460117882737724E-4	3.146011788273772E-4	-20342.63310770253	0.0	-170.01567672510595
6800	-20519.70971767117	-181.5948835960695	-20338.1148340751	3.4295345901348036	2005.9734654098652	63.28279153742978	106.83957590051222	1.6537734362230343	11.648180120459026	0.33424576574755144	0.1913480209340388	0.24012494889377442	0.23428126442463526	0.04954037706123432	3.1460117882737724E-4	3.1460117882737735E-4	-20338.1148340751	0.0	-168.21708674392954
6900	-20518.9105374499	-179.77082076659786	-20339.139716683305	3.336238838292425	2006.0667611617075	62.53413016692131	106.83957590051222	1.7405885864270245	11.15483720226797	0.33424576574755144	0.1913480209340388	0.2441249132033356	0.23028130011507408	0.04954037706123432	3.233987964236706E-4	3.233987964236706E-4	-20339.139716683305	0.0	-166.45508126204635
7000	-20513.697993551345	-179.45682674797308	-20334.24116680337	3.3929605585777822	2006.0100394414224	62.326782887436416	106.83957590051222	1.7405885864270245	11.15483720226797	0.33424576574755144	0.1913480209340388	0.2441249132033356	0.23028130011507408	0.09184598879970965	3.227617107028849E-4	3.227617107028847E-4	-20334.24116680337	0.0	-166.05590811192715
7100	-20513.442729219583	-179.2751119679769	-20334.167617251605	3.3929605585777822	2006.0100394414224	61.22210181337679	106.83957590051222	1.7405885864270245	11.15483720226797	0.33424576574755144	0.1913480209340388	0.2441249132033356	0.23028130011507408	0.09184598879970965	3.227617107028849E-4	3.227617107028848E-4	-20334.167617251605	0.0	-165.86560839556773
7200	-20512.543973475604	-178.40149801962633	-20334.142475455978	2.972490330169143	2006.4305096698308	61.08737569522384	106.83957590051222	1.7405885864270245	11.15483720226797	0.33424576574755144	0.1913480209340388	0.2441249132033356	0.23028130011507408	0.296762826542124	3.2525996545591074E-4	3.252599654559108E-4	-20334.142475455978	0.0	-164.57709490412216
7300	-20510.21264406636	-178.40265010808474	-20331.809993958275	2.845947643168353	2006.5570523568317	60.14388795294237	106.83957590051222	1.7405885864270245	11.15483720226797	0.33424576574755144	0.1913480209340388	0.2441249132033356	0.23028130011507408	0.3117122800558066	3.2525996545591074E-4	3.252599654559105E-4	-20331.809993958275	0.0	-164.54087226239886
7400	-20518.41469927065	-182.026259827049	-20336.3884394436	3.0274096040452285	2006.3755903959548	63.93267418378259	106.83957590051222	1.7405885864270245	11.15483720226797	0.33424576574755144	0.1913480209340388	0.2441249132033356	0.23028130011507408	0.3117122800558066	3.036047363153475E-4	3.0360473631534763E-4	-20336.3884394436	0.0	-168.229628542754
7500	-20525.301009349623	-183.4818174705941	-20341.81919187903	3.0274096040452285	2006.3755903959548	65.71776148152217	106.83957590051222	1.7405885864270245	11.15483720226797	0.33424576574755144	0.1913480209340388	0.2441249132033356	0.23028130011507408	0.3117122800558066	2.832533740625421E-4	2.832533740625421E-4	-20341.81919187903	0.0	-169.7344434220497
7600	-20526.149870136433	-183.33794517271394	-20342.81192496372	3.0274096040452285	2006.3755903959548	65.8155094324866	117.9286234305491	1.7405885864270245	11.15483720226797	0.33682414431337615	0.1913480209340388	0.24154653463751088	0.23028130011507408	0.3117122800558066	2.832533740625421E-4	2.8325337406254187E-4	-20342.81192496372	0.0	-169.48154514636363
7700	-20521.06593095159	-185.07636625601094	-20335.98956469558	3.133525023893046	2006.269474976107	66.68926488969456	117.9286234305491	1.7405885864270245	13.506520400791702	0.33682414431337615	0.1913480209340388	0.24154653463751088	0.23028130011507408	0.3117122800558066	2.832533740625421E-4	2.832533740625418E-4	-20335.98956469558	0.0	-170.85044525149382
7800	-20522.120139708495	-185.22135581151315	-20336.89878389698	3.146264708825763	2006.2567352911742	65.68794586821328	120.0707735053128	1.7405885864270245	13.506520400791702	0.33682414431337615	0.1913480209340388	0.24154653463751088	0.23028130011507408	0.3117122800558066	2.832533740625421E-4	2.832533740625419E-4	-20336.89878389698	0.0	-170.96802821410287
7900	-20519.347556995	-182.9466933426743	-20336.400863652325	3.1922971074508366	2006.210702892549	66.16441401978342	120.0707735053128	1.7405885864270245	13.506520400791702	0.33682414431337615	0.1913480209340388	0.24154653463751088	0.23028130011507408	0.3117122800558066	2.7822814483913086E-4	2.782281448391309E-4	-20336.400863652325	0.0	-168.70612712504186
8000	-20520.6627802279	-181.59880471729335	-20339.063975510606	3.194686813884308	2006.2083131861157	65.52506812056811	119.8503523860793	1.7405885864270245	13.506520400791702	0.33682414431337615	0.1913480209340388	0.24154653463751088	0.23028130011507408	0.3117122800558066	2.7822814483913086E-4	2.7822814483913097E-4	-20339.063975510606	0.0	-167.35561742588723
8100	-20519.16892363275	-182.7154729002833	-20336.453450732468	3.255254706990439	2006.1477452930096	67.2181646886184	119.8503523860793	1.7539335359111987	13.506520400791702	0.33682414431337615	0.1913480209340388	0.24154653463751088	0.23028130011507408	0.47996543948767917	2.7239213971835515E-4	2.7239213971835504E-4	-20336.453450732468	0.0	-168.15892178588817
8200	-20534.61066765327	-192.81649232352873	-20341.794175329742	3.954570352714326	2005.4484296472856	81.19960711486588	137.06543702023708	1.5423808565129893	13.506520400791702	0.33682414431337615	0.1913480209340388	0.24154653463751088	0.23028130011507408	0.47996543948767917	2.545119083937908E-4	2.545119083937911E-4	-20341.794175329742	0.0	-178.23683573629805
8300	-20529.955257123103	-190.3692870247669	-20339.58597009834	3.954570352714326	2005.4484296472856	82.49647488361313	165.50757629385154	1.5423808565129893	13.506520400791702	0.33682414431337615	0.1913480209340388	0.24154653463751088	0.23028130011507408	0.47996543948767917	2.3821165483883965E-4	2.3821165483883976E-4	-20339.58597009834	0.0	-175.61484958263617
8400	-20533.793981468447	-192.87110769533993	-20340.922873773106	3.954570352714326	2005.4484296472856	82.13825964302875	165.50757629385154	1.4897508673901534	13.704589821626318	0.33682414431337615	0.1913480209340388	0.24154653463751088	0.23028130011507408	0.47996543948767917	2.3821165483883965E-4	2.382116548388398E-4	-20340.922873773106	0.0	-178.08554280626856
8500	-20538.600393099754	-190.85783033579045	-20347.742562763964	4.187932056232041	2005.215067943768	81.88025508962849	165.50757629385154	1.4897508673901534	13.704589821626318	0.33682414431337615	0.1913480209340388	0.24154653463751088	0.23028130011507408	0.47996543948767917	2.3821165483883965E-4	2.382116548388397E-4	-20347.742562763964	0.0	-176.07075388420267
8600	-20541.42290074737	-192.6148339492276	-20348.80806679814	4.321479623404317	2005.0815203765958	85.03595971531202	165.50757629385154	1.4897508673901534	13.704589821626318	0.33682414431337615	0.1913480209340388	0.24154653463751088	0.23028130011507408	0.47996543948767917	2.257155411022623E-4	2.257155411022622E-4	-20348.80806679814	0.0	-177.8739185870572
8700	-20542.863622300098	-193.04023567129445	-20349.823386628803	4.321479623404317	2005.0815203765958	86.24413532429041	165.50757629385154	1.4321933930799704	13.704589821626318	0.33682414431337615	0.1913480209340388	0.24154653463751088	0.23028130011507408	0.47996543948767917	2.218585552781078E-4	2.2185855527810777E-4	-20349.823386628803	0.0	-178.31562748887666
8800	-20532.828251599913	-192.1309370422418	-20340.69731455767	4.321479623404317	2005.0815203765958	85.89356009049989	165.50757629385154	1.4007426661635956	9.546849384328967	0.33682414431337615	0.1913480209340388	0.24154653463751088	0.23028130011507408	0.23622416830270793	2.218585552781078E-4	2.2185855527810777E-4	-20340.69731455767	0.0	-178.58616233664253
8900	-20531.476821097996	-191.4395842848198	-20340.037236813176	4.429943898127153	2004.9730561018728	87.06702791720836	165.50757629385154	1.4007426661635956	10.687928406186199	0.33682414431337615	0.1913480209340388	0.24154653463751088	0.23028130011507408	0.23622416830270793	2.218585552781078E-4	2.218585552781077E-4	-20340.037236813176	0.0	-177.69357929889577
9000	-20531.8767030659	-191.35032852055392	-20340.526374545345	4.273770707427954	2005.129229292572	87.88562313461449	165.50757629385154	1.4007426661635956	10.687928406186199	0.33682414431337615	0.1913480209340388	0.24154653463751088	0.23028130011507408	0.21221156980195457	2.218585552781078E-4	2.2185855527810785E-4	-20340.526374545345	0.0	-177.6568461063438
9100	-20529.99177025275	-188.08553948989453	-20341.906230762856	4.0200131626189775	2005.382986837381	80.41808753276628	124.55416060836465	1.4007426661635956	10.687928406186199	0.32745665375516336	0.1913480209340388	0.2509140251957237	0.23028130011507408	0.21221156980195457	2.3586305725480328E-4	2.358630572548033E-4	-20341.906230762856	0.0	-174.64252884109538
9200	-20536.833256471684	-189.07349532569808	-20347.759761145986	3.954416356557575	2005.4485836434424	79.76121559458383	104.38888800812346	1.4179971605151565	10.687928406186199	0.32745665375516336	0.1913480209340388	0.2509140251957237	0.23028130011507408	0.21221156980195457	2.3977561016495292E-4	2.397756101649529E-4	-20347.759761145986	0.0	-175.81443410637644
9300	-20530.364848470945	-183.2095235354121	-20347.15532493553	3.135646965680266	2006.2673530343197	68.75936274029817	104.38888800812346	1.4179971605151565	10.687928406186199	0.32745665375516336	0.1913480209340388	0.2509140251957237	0.23028130011507408	0.21221156980195457	2.860449901932883E-4	2.860449901932884E-4	-20347.15532493553	0.0	-169.7874838229515
9400	-20536.178790872193	-187.6375834648095	-20348.541207407383	4.173157638090589	2005.2298423619095	78.47526491949169	104.38888800812346	1.4179971605151565	12.91844513950644	0.33070651056726974	0.18809816412193245	0.2509140251957237	0.23028130011507408	0.21221156980195457	2.683057399791095E-4	2.683057399791092E-4	-20348.541207407383	0.0	-173.94513302985345
9500	-20536.28270048756	-188.79905923942115	-20347.48364124814	4.113425576283426	2005.2895744237167	78.16122163693312	134.8911947961335	1.4179971605151565	12.91844513950644	0.33070651056726974	0.18809816412193245	0.2509140251957237	0.23028130011507408	0.21221156980195457	2.6078174304255085E-4	2.60781743042551E-4	-20347.48364124814	0.0	-174.83290667449447
9600	-20529.648219599574	-189.09343380788317	-20340.55478579169	4.200337540124574	2005.2026624598755	78.51604989759348	134.8911947961335	1.4179971605151565	12.91844513950644	0.33070651056726974	0.18809816412193245	0.2509140251957237	0.23028130011507408	0.21221156980195457	2.6078174304255085E-4	2.607817430425509E-4	-20340.55478579169	0.0	-175.12945342203474
9700	-20534.747505256608	-190.8925902342078	-20343.8549150224	4.200337540124574	2005.2026624598755	79.8299367484834	134.8911947961335	1.5883333070502212	12.91844513950644	0.33070651056726974	0.18809816412193245	0.2509140251957237	0.23028130011507408	0.21221156980195457	2.6078174304255085E-4	2.607817430425507E-4	-20343.8549150224	0.0	-176.93486160926375
9800	-20531.77298480105	-188.76820529299823	-20343.00477950805	4.075804693430815	2005.3271953065691	77.31839686773982	169.80043751068567	1.5883333070502212	12.91844513950644	0.33070651056726974	0.18809816412193245	0.2509140251957237	0.23028130011507408	0.21221156980195457	2.6874971385312287E-4	2.687497138531228E-4	-20343.00477950805	0.0	-174.51464943636557
9900	-20539.078155044597	-192.70177834695093	-20346.376376697648	4.377814068797625	2005.0251859312025	84.1142253936339	189.45148351423407	1.5883333070502212	12.91844513950644	0.33070651056726974	0.18809816412193245	0.2509140251957237	0.23028130011507408	0.21221156980195457	2.5020965437702846E-4	2.502096543770284E-4	-20346.376376697648	0.0	-178.39676749743919
10000	-20537.428384290306	-193.32886398332553	-20344.09952030698	4.432802789119715	2004.9701972108803	84.70899865649686	226.61783428808673	1.5883333070502212	12.91844513950644	0.33070651056726974	0.18809816412193245	0.2509140251957237	0.23028130011507408	0.21221156980195457	2.5020965437702846E-4	2.502096543770284E-4	-20344.09952030698	0.0	-178.8111080840021
10100	-20535.11733006329	-192.2285627742193	-20342.88876728907	4.364892707627027	2005.038107292373	82.4358217724426	226.61783428808673	1.5883333070502212	12.91844513950644	0.33070651056726974	0.18809816412193245	0.2509140251957237	0.23028130011507408	0.21221156980195457	2.541024781317362E-4	2.5410247813173605E-4	-20342.88876728907	0.0	-177.68973462568707
10200	-20532.15964308991	-193.1296544138455	-20339.029988676066	4.364892707627027	2005.038107292373	83.82523463981673	226.61783428808673	1.5883333070502212	12.91844513950644	0.33070651056726974	0.18809816412193245	0.2509140251957237	0.23028130011507408	0.21221156980195457	2.2763724516940655E-4	2.2763724516940633E-4	-20339.029988676066	0.0	-178.65604083128093
10300	-20529.12689431604	-193.08864315918603	-20336.038251156853	4.364892707627027	2005.038107292373	84.24550841627821	184.23698113780992	1.5883333070502212	12.91844513950644	0.33070651056726974	0.18809816412193245	0.2509140251957237	0.23028130011507408	0.07348790574165781	2.2763724516940655E-4	2.276372451694063E-4	-20336.038251156853	0.0	-179.1440978070521
10400	-20533.436289427333	-193.16495449111272	-20340.27133493622	4.364892707627027	2005.038107292373	83.27899484735595	180.5848082595744	1.4572343933612586	12.91844513950644	0.33070651056726974	0.18809816412193245	0.2509140251957237	0.23028130011507408	0.07348790574165781	2.2078144988588159E-4	2.2078144988588134E-4	-20340.27133493622	0.0	-179.25568615434005
10500	-20532.726232894103	-193.78496154292924	-20338.941271351174	4.364892707627027	2005.038107292373	84.35659426868526	138.56449838247534	1.4572343933612586	12.91844513950644	0.3336084745586234	0.18809816412193245	0.24801206120437003	0.23028130011507408	0.09467837437506861	2.798178519783213E-4	2.79817851978321E-4	-20338.941271351174	0.0	-180.02265983191745
10600	-20533.018673899147	-192.0918971190896	-20340.926776780056	4.392642627574377	2005.0103573724257	83.58333932956852	138.56449838247534	1.4572343933612586	12.91844513950644	0.3336084745586234	0.18809816412193245	0.24801206120437003	0.23028130011507408	0.09467837437506861	2.2854150727955259E-4	2.2854150727955264E-4	-20340.926776780056	0.0	-178.430703748933
10700	-20533.274263214284	-191.8523244231131	-20341.42193879117	4.392642627574377	2005.0103573724257	83.19587125689577	138.56449838247534	1.3755251536551811	12.91844513950644	0.3336084745586234	0.18809816412193245	0.24801206120437003	0.23028130011507408	0.09467837437506861	2.2854150727955259E-4	2.2854150727955264E-4	-20341.42193879117	0.0	-178.189713454074
10800	-20531.14090483285	-191.2130704107748	-20339.927834422077	3.963337060874245	2005.4396629391258	82.70469413210695	138.56449838247534	1.3755251536551811	12.91844513950644	0.3336084745586234	0.18809816412193245	0.24801206120437003	0.23028130011507408	0.09467837437506861	2.2189748889134774E-4	2.218974888913478E-4	-20339.927834422077	0.0	-177.5629116728961
10900	-20533.348192900303	-191.07425790494028	-20342.273934995363	3.8746312811192363	2005.5283687188808	83.80871636924023	138.56449838247534	1.3755251536551811	16.161854826609865	0.3336084745586234	0.18809816412193245	0.24801206120437003	0.23028130011507408	0.09467837437506861	2.1200134786086809E-4	2.120013478608682E-4	-20342.273934995363	0.0	-176.9906250408613
11000	-20532.523876864794	-189.6787457595395	-20342.845131105256	4.186353544746149	2005.2166464552538	82.13575723736363	138.56449838247534	1.5069028311738717	16.317284592827637	0.3336084745586234	0.18809816412193245	0.24801206120437003	0.23028130011507408	0.09467837437506861	2.346054275497874E-4	2.3460542754978722E-4	-20342.845131105256	0.0	-175.51103906397907
11100	-20527.768432436947	-190.150865088741	-20337.617567348207	3.86416341613037	2005.5388365838696	81.25233770500289	132.75540119951032	1.5069028311738717	17.040008939451223	0.3336084745586234	0.18809816412193245	0.24801206120437003	0.23028130011507408	0.09467837437506861	2.346054275497874E-4	2.346054275497872E-4	-20337.617567348207	0.0	-175.93290142447418
11200	-20532.24785085863	-191.52843318694912	-20340.71941767168	3.718794906507561	2005.6842050934924	84.1520906889841	129.5325882687712	1.4103641808614142	17.040008939451223	0.3336084745586234	0.18809816412193245	0.24801206120437003	0.23028130011507408	0.09467837437506861	2.2290037591612532E-4	2.2290037591612535E-4	-20340.71941767168	0.0	-177.3826368614884
11300	-20533.039051728585	-191.0982908430671	-20341.940760885518	4.037105611220989	2005.365894388779	83.83157917031961	120.92783777351325	1.3977516755364787	17.040008939451223	0.3336084745586234	0.18809816412193245	0.24801206120437003	0.23028130011507408	0.09467837437506861	2.2290037591612532E-4	2.2290037591612513E-4	-20341.940760885518	0.0	-177.028058613037
11400	-20533.879108052402	-191.38974955919483	-20342.489358493207	3.772071518582503	2005.6309284814174	83.67728127294438	120.92783777351325	1.4244325926381092	17.040008939451223	0.3336084745586234	0.18809816412193245	0.24801206120437003	0.23028130011507408	0.09467837437506861	2.2717317551582518E-4	2.271731755158253E-4	-20342.489358493207	0.0	-177.30851240003983
11500	-20528.35814676732	-190.7558422703598	-20337.602304496962	3.250139705792562	2006.1528602942074	81.91298316718311	128.91696044548678	1.4244325926381092	17.040008939451223	0.3336084745586234	0.18809816412193245	0.24801206120437003	0.23028130011507408	0.09467837437506861	2.2717317551582518E-4	2.271731755158252E-4	-20337.602304496962	0.0	-176.59245126662563
11600	-20529.942553403947	-192.5564293276037	-20337.386124076344	3.767069880602725	2005.6359301193972	82.5762648456033	128.91696044548678	1.4244325926381092	17.040008939451223	0.3336084745586234	0.18809816412193245	0.24801206120437003	0.23028130011507408	0.09467837437506861	2.2418084054022183E-4	2.241808405402218E-4	-20337.386124076344	0.0	-178.40379691498575
11700	-20531.448114631596	-191.73800281136954	-20339.710111820226	3.3907827723948145	2006.012217227605	81.52553636535963	128.91696044548678	1.4244325926381092	11.880129267406032	0.3327353047774837	0.18809816412193245	0.2502892715411808	0.22887725955940302	0.09063096669843164	2.2418084054022183E-4	2.241808405402218E-4	-20339.710111820226	0.0	-178.33009450415375
11800	-20537.461601270483	-192.07357045367502	-20345.388030816808	3.508255842617235	2005.8947441573828	82.09693405644188	144.53019137661383	1.4244325926381092	11.880129267406032	0.3327353047774837	0.2046240263791509	0.23063741676396737	0.232003252079398	0.09063096669843164	2.3051247224798745E-4	2.305124722479875E-4	-20345.388030816808	0.0	-178.52476161373352
11900	-20536.13213499501	-192.30252391236908	-20343.829611082638	3.508255842617235	2005.8947441573828	82.6089768732184	182.84097387668365	1.4244325926381092	11.880129267406032	0.3327353047774837	0.2046240263791509	0.23063741676396737	0.232003252079398	0.09063096669843164	2.3051247224798745E-4	2.3051247224798734E-4	-20343.829611082638	0.0	-178.48350186964663
12000	-20548.261818014995	-200.52773456576355	-20347.73408344923	3.9987191720482183	2005.4042808279519	93.90767431655328	182.84097387668365	1.4244325926381092	16.67693123568263	0.3327353047774837	0.2046240263791509	0.23063741676396737	0.232003252079398	0.09063096669843164	2.0223894021192685E-4	2.022389402119268E-4	-20347.73408344923	0.0	-186.1421816231389
12100	-20545.298677854535	-200.16989821317156	-20345.128779641364	4.151859077402197	2005.2511409225979	93.16628633236847	182.84097387668365	1.4081505513059127	16.67693123568263	0.3327353047774837	0.2046240263791509	0.23063741676396737	0.232003252079398	0.09063096669843164	2.0223894021192685E-4	2.0223894021192688E-4	-20345.128779641364	0.0	-185.780694933547
12200	-20544.47646531286	-197.42256971272744	-20347.053895600133	4.151859077402197	2005.2511409225979	92.02909567568904	225.3567995517639	1.4081505513059127	10.979231844984342	0.33277132398231507	0.2046240263791509	0.23060139755913603	0.232003252079398	0.09063096669843164	2.0223894021192685E-4	2.0223894021192685E-4	-20347.053895600133	0.0	-183.6234972364855
12300	-20541.00630996778	-196.5172898709094	-20344.48902009687	4.0171083108667816	2005.3858916891331	92.83381160457097	215.54193053315032	1.4081505513059127	10.979231844984342	0.33277132398231507	0.2046240263791509	0.23060139755913603	0.232003252079398	0.14262246476490342	2.2334165554412018E-4	2.2334165554412005E-4	-20344.48902009687	0.0	-182.62113906695149
12400	-20544.802687814343	-195.76874896809286	-20349.03393884625	4.0171083108667816	2005.3858916891331	90.59169639070333	215.54193053315032	1.4081505513059127	10.979231844984342	0.33277132398231507	0.2046240263791509	0.23060139755913603	0.232003252079398	0.14262246476490342	2.1918101632505664E-4	2.1918101632505675E-4	-20349.03393884625	0.0	-181.87065402852252
12500	-20547.104671729547	-197.97786745301883	-20349.12680427653	4.192620228324928	2005.210379771675	95.5496986908848	215.54193053315032	1.4081505513059127	10.979231844984342	0.33277132398231507	0.2046240263791509	0.23060139755913603	0.232003252079398	0.14262246476490342	2.1000563712287085E-4	2.1000563712287074E-4	-20349.12680427653	0.0	-184.12758628463286
12600	-20546.375105578976	-199.27197961740703	-20347.10312596157	4.137314457478967	2005.265685542521	95.35004137009592	215.54193053315032	1.4767300320417411	10.832464759367602	0.33277132398231507	0.19161740135862862	0.23203732673829255	0.24357394792076376	0.14262246476490342	2.0857291075051151E-4	2.085729107505115E-4	-20347.10312596157	0.0	-185.4489918966189
12700	-20544.82985497861	-192.44916245196993	-20352.38069252664	3.7683131027101022	2005.6346868972898	84.10519243250236	215.54193053315032	1.4767300320417411	10.832464759367602	0.33277132398231507	0.19161740135862862	0.23203732673829255	0.24357394792076376	0.14262246476490342	2.2899682047809578E-4	2.289968204780957E-4	-20352.38069252664	0.0	-178.51734939179724
12800	-20540.3989449317	-190.548499818442	-20349.85044511326	3.646770899022195	2005.7562291009779	85.956479805724	215.54193053315032	1.5041255564279865	10.37693202034556	0.33277132398231507	0.19161740135862862	0.23203732673829255	0.24357394792076376	0.14262246476490342	2.1616991487602414E-4	2.1616991487602427E-4	-20349.85044511326	0.0	-176.73718562455966
12900	-20537.91211938503	-189.00614430964953	-20348.90597507538	3.496081006625927	2005.9069189933741	82.51264157975493	215.54193053315032	1.6519551216428907	10.37693202034556	0.33277132398231507	0.19161740135862862	0.23203732673829255	0.24357394792076376	0.14262246476490342	2.1784150329421493E-4	2.1784150329421477E-4	-20348.90597507538	0.0	-175.16966203996037
13000	-20537.75347012788	-187.71107885400198	-20350.042391273877	3.454566273564018	2005.948433726436	81.41610407435142	187.55923412110818	1.6835982076602702	11.287906772044158	0.33277132398231507	0.19161740135862862	0.23203732673829255	0.24357394792076376	0.14262246476490342	2.2854794742790155E-4	2.2854794742790146E-4	-20350.042391273877	0.0	-173.85131902360976
13100	-20538.385684323846	-187.3849227315989	-20351.000761592248	3.5414791592808417	2005.861520840719	81.90396451104648	189.61773981145248	1.6835982076602702	11.287906772044158	0.33643205561235295	0.19161740135862862	0.23203732673829255	0.23991321629072587	0.14262246476490342	2.4842557838416026E-4	2.4842557838416015E-4	-20351.000761592248	0.0	-173.47174882105386
13200	-20536.425734070486	-187.40112034791878	-20349.024613722566	3.5414791592808417	2005.861520840719	80.99176082314999	189.61773981145248	1.6835982076602702	11.287906772044158	0.33643205561235295	0.19161740135862862	0.23203732673829255	0.23991321629072587	0.142678027164026	2.6167496885300053E-4	2.6167496885300053E-4	-20349.024613722566	0.0	-173.45540893356926
13300	-20537.439987569778	-188.35896955443368	-20349.081018015346	3.8689371100594383	2005.5340628899405	80.50119832793916	189.61773981145248	1.6835982076602702	11.287906772044158	0.33643205561235295	0.19161740135862862	0.23203732673829255	0.23991321629072587	0.1236495499119842	2.566717999578742E-4	2.56671799957874E-4	-20349.081018015346	0.0	-174.45846100860797
13400	-20532.464087650926	-191.09262902782075	-20341.371458623104	4.049187840891456	2005.3538121591087	82.94705235723119	196.26076568827685	1.5312595920439953	11.287906772044158	0.33643205561235295	0.19161740135862862	0.23203732673829255	0.23991321629072587	0.1236495499119842	2.5592905970643414E-4	2.559290597064339E-4	-20341.371458623104	0.0	-177.16844921073468
13500	-20529.28057901418	-190.81544475899796	-20338.46513425518	4.049187840891456	2005.3538121591087	83.41219885874237	156.35661817339405	1.5312595920439953	11.287906772044158	0.33643205561235295	0.19161740135862862	0.23203732673829255	0.23991321629072587	0.0780391859748196	2.5592905970643414E-4	2.5592905970643414E-4	-20338.46513425518	0.0	-177.25214431149956
13600	-20531.63305794142	-190.88330326333005	-20340.74975467809	4.049187840891456	2005.3538121591087	83.82261602815699	156.35661817339405	1.5312595920439953	11.287906772044158	0.33643205561235295	0.19161740135862862	0.23203732673829255	0.23991321629072587	0.0780391859748196	2.5592905970643414E-4	2.5592905970643425E-4	-20340.74975467809	0.0	-177.32235192021295
13700	-20530.666365241326	-189.49106861832288	-20341.175296623005	4.000018994493696	2005.4029810055063	82.90530797961812	156.35661817339405	1.4470760665937539	11.287906772044158	0.34351924988878135	0.19247557610840257	0.2311791519885186	0.23282602201429747	0.0780391859748196	2.3801216478817248E-4	2.3801216478817224E-4	-20341.175296623005	0.0	-175.96346665561293
13800	-20524.23386236432	-188.2515328297697	-20335.98232953455	3.679075359856564	2005.7239246401434	76.28236329812333	161.65735498083222	1.4470760665937539	11.287906772044158	0.34351924988878135	0.19247557610840257	0.2311791519885186	0.23282602201429747	0.0780391859748196	2.5877512335337736E-4	2.5877512335337714E-4	-20335.98232953455	0.0	-174.60186888502292
13900	-20532.77462892187	-192.6662255670106	-20340.10840335486	4.081620941045755	2005.3213790589543	85.93703549582564	146.3125338834612	1.4470760665937539	11.287906772044158	0.3238928370677702	0.19247557610840257	0.25080556480952976	0.23282602201429747	0.0780391859748196	2.332536984263236E-4	2.3325369842632385E-4	-20340.10840335486	0.0	-179.2427385115958
14000	-20538.24598982027	-191.30002991878143	-20346.945959901488	3.883505912884463	2005.5194940871156	77.7146430988749	141.03944158683836	1.2446750256989545	11.287906772044158	0.3238928370677702	0.19654181756322583	0.2467393233547065	0.23282602201429747	0.0780391859748196	2.909403680797316E-4	2.9094036807973146E-4	-20346.945959901488	0.0	-177.75716205515351
14100	-20529.609103559018	-186.03937103213272	-20343.569732526885	3.883505912884463	2005.5194940871156	77.01632188836855	78.78669775549828	1.2446750256989545	11.287906772044158	0.3238928370677702	0.19654181756322583	0.2467393233547065	0.23282602201429747	0.0780391859748196	2.6309171881800454E-4	2.630917188180047E-4	-20343.569732526885	0.0	-173.18861163813276
14200	-20536.485121802372	-195.43978769895247	-20341.04533410342	4.819982508233664	2004.5830174917664	95.61105419753937	113.25215932734379	1.2446750256989545	11.54638631811941	0.3238928370677702	0.19654181756322583	0.2467393233547065	0.23282602201429747	0.0780391859748196	2.1197550902214316E-4	2.1197550902214316E-4	-20341.04533410342	0.0	-182.36476532482905
14300	-20542.303038560443	-192.97169066616948	-20349.331347894273	4.61944251543444	2004.7835574845656	92.97422615426397	113.25215932734379	1.2446750256989545	11.54638631811941	0.3238928370677702	0.19654181756322583	0.2467393233547065	0.23282602201429747	0.0780391859748196	2.1197550902214316E-4	2.1197550902214314E-4	-20349.331347894273	0.0	-179.88324417179427
14400	-20543.15836028189	-194.38470116748607	-20348.773659114406	4.413397707172995	2004.989602292827	93.54051853912648	184.38592148763786	1.2446750256989545	11.54638631811941	0.3238928370677702	0.19654181756322583	0.2467393233547065	0.23282602201429747	0.0780391859748196	2.0424195973331894E-4	2.042419597333189E-4	-20348.773659114406	0.0	-180.76041643351178
14500	-20544.32761698325	-193.15759916461798	-20351.170017818633	4.413397707172995	2004.989602292827	92.9911897610738	184.38592148763786	1.2446750256989545	8.167483006041138	0.3238928370677702	0.19980036320960853	0.2434807777083238	0.23282602201429747	0.0780391859748196	2.0424195973331894E-4	2.0424195973331883E-4	-20351.170017818633	0.0	-180.15881809223322
14600	-20545.365919679043	-192.2008627776812	-20353.165056901362	4.515916994724631	2004.8870830052754	95.40087898714278	181.7651448678762	1.3876980571770674	8.167483006041138	0.3238928370677702	0.19980036320960853	0.2434807777083238	0.23282602201429747	0.0780391859748196	2.0235750627397867E-4	2.0235750627397865E-4	-20353.165056901362	0.0	-179.23468729411326
14700	-20549.54881909546	-194.21061316723188	-20355.338205928227	4.285922889358576	2005.1170771106415	97.56457842858693	201.21277776877557	1.3876980571770674	12.044339779021378	0.3238928370677702	0.19980036320960853	0.2434807777083238	0.23282602201429747	0.0780391859748196	2.046992637774156E-4	2.0469926377741574E-4	-20355.338205928227	0.0	-180.41802477996387
14800	-20543.41688096712	-192.10716683823733	-20351.309714128885	4.130595575382749	2005.2724044246172	96.22456817374524	201.21277776877557	1.3876980571770674	11.059026397043331	0.3238928370677702	0.19980036320960853	0.2434807777083238	0.23282602201429747	0.0780391859748196	2.1239679461409865E-4	2.1239679461409837E-4	-20351.309714128885	0.0	-178.4530678724302
14900	-20547.571719835225	-193.189548346781	-20354.382171488443	3.9721013522190853	2005.4308986477809	95.49012338975272	201.21277776877557	1.3876980571770674	11.059026397043331	0.3238928370677702	0.19980036320960853	0.2434807777083238	0.23282602201429747	0.0780391859748196	1.82163470907288E-4	1.8216347090728807E-4	-20354.382171488443	0.0	-179.61143727494772
15000	-20539.439680444346	-191.94030473006336	-20347.499375714284	4.487205681639342	2004.9157943183607	96.32364104684802	201.21277776877557	1.4378806390019663	11.059026397043331	0.3238928370677702	0.19660156993335526	0.2434807777083238	0.23602481529055075	0.0780391859748196	1.893207685870342E-4	1.893207685870343E-4	-20347.499375714284	0.0	-178.3459269146019
15100	-20537.862251371535	-191.10510906745066	-20346.757142304083	4.278306535827568	2005.1246934641724	96.08923278174929	221.59302284528758	1.43410787335522	11.059026397043331	0.3238928370677702	0.19660156993335526	0.2434807777083238	0.23602481529055075	0.0780391859748196	1.893207685870342E-4	1.8932076858703422E-4	-20346.757142304083	0.0	-177.39283181016782
15200	-20537.94799696966	-191.08486403890555	-20346.863132930754	4.278306535827568	2005.1246934641724	96.51109151424346	245.30573441444122	1.43410787335522	11.059026397043331	0.3314687373955054	0.19660156993335526	0.2434807777083238	0.22844891496281555	0.0780391859748196	1.893207685870342E-4	1.8932076858703411E-4	-20346.863132930754	0.0	-177.24942334308892
15300	-20541.195197999336	-195.17723509662912	-20346.017962902708	4.470474044879731	2004.9325259551204	105.17865896844803	245.30573441444122	1.4617852519114167	11.059026397043331	0.3314687373955054	0.19660156993335526	0.2434807777083238	0.22844891496281555	0.0780391859748196	2.0280099440197295E-4	2.0280099440197298E-4	-20346.017962902708	0.0	-181.3470688785123
15400	-20541.03006559098	-195.79704948770038	-20345.23301610328	4.1629889821045625	2005.2400110178955	105.3342188406449	245.30573441444122	1.3482481707836473	11.059026397043331	0.3314687373955054	0.19536586893701058	0.2434807777083238	0.22968461595916023	0.0780391859748196	2.004040944863181E-4	2.0040409448631805E-4	-20345.23301610328	0.0	-181.9749232122223
15500	-20539.93351014429	-197.2136911143963	-20342.71981902989	4.1629889821045625	2005.2400110178955	103.00778709328685	245.30573441444122	1.3482481707836473	11.059026397043331	0.3314687373955054	0.19536586893701058	0.2434807777083238	0.22968461595916023	0.0780391859748196	2.004040944863181E-4	2.0040409448631805E-4	-20342.71981902989	0.0	-183.38086419367642
15600	-20539.53094388652	-198.04765019153913	-20341.48329369498	4.433969899353916	2004.969030100646	104.84580293154133	245.30573441444122	1.3229601884013482	11.059026397043331	0.3314687373955054	0.19536586893701058	0.2434807777083238	0.22968461595916023	0.0780391859748196	2.004040944863181E-4	2.0040409448631818E-4	-20341.48329369498	0.0	-184.22355087427442
15700	-20554.048696096917	-199.8000379978275	-20354.24865809909	5.2677340530008525	2004.1352659469992	102.8015339504766	217.55368564210335	1.3229601884013482	11.059026397043331	0.3314687373955054	0.19536586893701058	0.2434807777083238	0.22968461595916023	0.0780391859748196	1.9370742448463477E-4	1.9370742448463496E-4	-20354.24865809909	0.0	-186.13187667921267
15800	-20550.789441707882	-198.94090527379856	-20351.848536434085	5.146337595609597	2004.2566624043905	107.84371988441478	314.08694106930847	1.3438444299881833	11.059026397043331	0.3314687373955054	0.19536586893701058	0.2434807777083238	0.22968461595916023	0.0780391859748196	1.8264080588420212E-4	1.82640805884202E-4	-20351.848536434085	0.0	-184.8627168342747
15900	-20542.25351972863	-198.5073589690612	-20343.74616075957	5.146337595609597	2004.2566624043905	108.31086479535426	314.08694106930847	1.3438444299881833	11.059026397043331	0.3314687373955054	0.1972957539009939	0.24155089274434047	0.22968461595916023	0.0780391859748196	1.8264080588420212E-4	1.8264080588420206E-4	-20343.74616075957	0.0	-184.43124637442213
16000	-20543.797889103666	-200.98594978055075	-20342.811939323114	5.146337595609597	2004.2566624043905	110.67411290980561	378.1200009846436	1.3125493351517623	11.059026397043331	0.3314687373955054	0.1972957539009939	0.24155089274434047	0.22968461595916023	0.1662744970445904	1.7215497736851557E-4	1.7215497736851567E-4	-20342.811939323114	0.0	-186.52537450529212
16100	-20545.58601422129	-200.96114619284188	-20344.624868028448	5.146337595609597	2004.2566624043905	110.84218571978191	367.2383310363975	1.3125493351517623	11.059026397043331	0.33654167413164415	0.19222281716485518	0.24155089274434047	0.22968461595916023	0.1662744970445904	1.643631174292635E-4	1.643631174292635E-4	-20344.624868028448	0.0	-186.56537592044117
16200	-20541.75979635866	-201.6884835506087	-20340.07131280805	5.283779218484643	2004.1192207815154	114.10558256542897	369.69422800480703	1.3125493351517623	11.059026397043331	0.33654167413164415	0.19222281716485518	0.24155089274434047	0.22968461595916023	0.07288949908004086	1.7630961066258285E-4	1.7630961066258287E-4	-20340.07131280805	0.0	-187.44789591276518
16300	-20548.27387180206	-203.6536749842331	-20344.620196817825	5.283779218484643	2004.1192207815154	114.76516518902002	350.213103713548	1.38507053985676	11.059026397043331	0.33654167413164415	0.19222281716485518	0.24155089274434047	0.22968461595916023	0.07288949908004086	1.7630961066258285E-4	1.7630961066258287E-4	-20344.620196817825	0.0	-189.48868915773187
16400	-20540.507491237175	-196.0041448431909	-20344.503346393984	4.769125327125473	2004.6338746728745	103.6876384735279	350.213103713548	1.38507053985676	11.059026397043331	0.33654167413164415	0.19222281716485518	0.24155089274434047	0.22968461595916023	0.07288949908004086	2.0796326383921702E-4	2.0796326383921694E-4	-20344.503346393984	0.0	-181.70451752747027
16500	-20544.53327673915	-193.62882550382628	-20350.90445123532	4.769125327125473	2004.6338746728745	102.56558371834186	334.3241307224952	1.547521353534095	7.028200300538405	0.33654167413164415	0.19222281716485518	0.24155089274434047	0.22968461595916023	0.07288949908004086	1.942438861205527E-4	1.942438861205528E-4	-20350.90445123532	0.0	-180.21484189634432
16600	-20538.91470671174	-193.45868990677548	-20345.456016804965	4.861467460192191	2004.5415325398078	101.20405351689104	334.3241307224952	1.547521353534095	7.028200300538405	0.33654167413164415	0.19222281716485518	0.24155089274434047	0.22968461595916023	0.07288949908004086	1.942438861205527E-4	1.9424388612055264E-4	-20345.456016804965	0.0	-180.03828895593293
16700	-20532.4883321728	-193.06698838354137	-20339.42134378926	4.861467460192191	2004.5415325398078	101.2968095127435	334.3241307224952	1.547521353534095	9.942931676418057	0.33654167413164415	0.19222281716485518	0.24155089274434047	0.22968461595916023	0.07288949908004086	1.942438861205527E-4	1.942438861205526E-4	-20339.42134378926	0.0	-179.05066180864688
16800	-20532.569121893124	-193.78544563783748	-20338.783676255287	4.853499520978939	2004.5495004790212	101.68264138388906	334.3241307224952	1.5781389556379797	9.942931676418057	0.33654167413164415	0.19222281716485518	0.24155089274434047	0.22968461595916023	0.07288949908004086	1.945627742692925E-4	1.9456277426929244E-4	-20338.783676255287	0.0	-179.76978618866673
16900	-20528.655031859198	-192.3220905239638	-20336.332941335233	4.565746430674978	2004.837253569325	95.96165789155567	405.89226322564673	1.7555238706245666	10.843204779878883	0.33654167413164415	0.19222281716485518	0.24155089274434047	0.22968461595916023	0.07288949908004086	2.0682496193218122E-4	2.0682496193218122E-4	-20336.332941335233	0.0	-177.81870802225046
17000	-20528.194256643324	-192.71621412013874	-20335.478042523187	4.565746430674978	2004.837253569325	94.27370736291292	395.22602695487797	1.7555238706245666	10.843204779878883	0.33654167413164415	0.19222281716485518	0.24155089274434047	0.22968461595916023	0.07288949908004086	2.1850812433271444E-4	2.185081243327143E-4	-20335.478042523187	0.0	-178.21300049244138
17100	-20527.609095547086	-191.24545332909054	-20336.363642217995	4.423433557496901	2004.979566442503	91.70853453673323	395.22602695487797	1.7555238706245666	10.843204779878883	0.33654167413164415	0.19222281716485518	0.24155089274434047	0.22968461595916023	0.07288949908004086	2.307675218939913E-4	2.3076752189399134E-4	-20336.363642217995	0.0	-176.7005886733763
17200	-20533.416141386813	-192.45840024467986	-20340.957741142134	4.423433557496901	2004.979566442503	91.08071401012855	356.1896613568918	1.7555238706245666	10.843204779878883	0.33654167413164415	0.19222281716485518	0.24155089274434047	0.22968461595916023	0.07288949908004086	1.9796917997556173E-4	1.979691799755617E-4	-20340.957741142134	0.0	-178.13280965213107
17300	-20528.88857936655	-190.03091629352207	-20338.857663073028	3.7709340977056898	2005.6320659022942	90.5243310116249	356.1896613568918	1.7555238706245666	10.843204779878883	0.33654167413164415	0.19222281716485518	0.24155089274434047	0.22968461595916023	0.07288949908004086	2.3306230060722233E-4	2.330623006072224E-4	-20338.857663073028	0.0	-175.61759813862867
17400	-20526.704425514454	-190.35507873884734	-20336.349346775605	4.1604153762680145	2005.242584623732	91.20840542586349	356.1896613568918	1.7555238706245666	10.843204779878883	0.33654167413164415	0.19222281716485518	0.24155089274434047	0.22968461595916023	0.07288949908004086	2.2077649882234625E-4	2.207764988223461E-4	-20336.349346775605	0.0	-175.97356338149808
17500	-20529.586459390837	-190.7548716644618	-20338.831587726374	4.355064657136659	2005.0479353428634	96.55967850983932	338.64836416310584	1.634352595929575	10.843204779878883	0.33654167413164415	0.19222281716485518	0.24155089274434047	0.22968461595916023	0.07288949908004086	2.1090891013843423E-4	2.109089101384342E-4	-20338.831587726374	0.0	-176.4937006059041
17600	-20527.327158025037	-190.7386449566964	-20336.588513068342	4.355064657136659	2005.0479353428634	96.00539035747497	213.98539060516683	1.4529335210118715	10.843204779878883	0.33654167413164415	0.19222281716485518	0.24155089274434047	0.22968461595916023	0.07288949908004086	2.1090891013843423E-4	2.1090891013843423E-4	-20336.588513068342	0.0	-177.0597850089479
17700	-20529.986152349094	-189.52100271132738	-20340.465149637766	4.016162873122389	2005.3868371268777	95.41495278434111	226.13350586592418	1.4529335210118715	10.843204779878883	0.33654167413164415	0.19222281716485518	0.24155089274434047	0.22968461595916023	0.07288949908004086	2.2392120332688972E-4	2.2392120332688956E-4	-20340.465149637766	0.0	-175.7406965531295
17800	-20530.71501938292	-189.67441345217082	-20341.040605930746	4.09685088361647	2005.3061491163835	96.31317576433197	226.13350586592418	1.4529335210118715	10.843204779878883	0.33654167413164415	0.19222281716485518	0.24155089274434047	0.22968461595916023	0.07288949908004086	2.2392120332688972E-4	2.2392120332688975E-4	-20341.040605930746	0.0	-175.89859107553954
17900	-20529.486880975164	-190.88788234885263	-20338.598998626312	4.053693627661467	2005.3493063723386	96.44913220223683	226.13350586592418	1.4529335210118715	10.843204779878883	0.33654167413164415	0.19222281716485518	0.24155089274434047	0.22968461595916023	0.07288949908004086	1.8842736340545223E-4	1.8842736340545215E-4	-20338.598998626312	0.0	-177.20244899825332
18000	-20542.744843395783	-193.99295681176235	-20348.75188658402	4.4563001731455865	2004.9466998268545	100.88666739534823	226.13350586592418	1.393974001237342	10.843204779878883	0.33654167413164415	0.19222281716485518	0.24155089274434047	0.22968461595916023	0.07288949908004086	1.620745075306175E-4	1.620745075306176E-4	-20348.75188658402	0.0	-180.40775479508977
18100	-20535.59703303351	-193.08162585879177	-20342.51540717472	4.443050268211577	2004.9599497317884	99.60974006997571	226.13350586592418	1.393974001237342	10.843204779878883	0.33654167413164415	0.19222281716485518	0.24155089274434047	0.22968461595916023	0.07288949908004086	2.0469477334976864E-4	2.0469477334976864E-4	-20342.51540717472	0.0	-179.36928458752206
18200	-20535.422720692288	-194.8989379010609	-20340.523782791228	4.443050268211577	2004.9599497317884	100.73613528399196	226.13350586592418	1.393974001237342	10.843204779878883	0.33654167413164415	0.19222281716485518	0.24155089274434047	0.22968461595916023	0.05331044700036155	1.8044210010637534E-4	1.804421001063752E-4	-20340.523782791228	0.0	-181.29664460354755
18300	-20538.36325027707	-196.7960527309934	-20341.567197546075	4.443050268211577	2004.9599497317884	98.75528576791615	226.13350586592418	1.494670161033395	10.843204779878883	0.33654167413164415	0.19222281716485518	0.24155089274434047	0.22968461595916023	0.033561068652341146	1.8044210010637534E-4	1.8044210010637534E-4	-20341.567197546075	0.0	-183.22267883362616
18400	-20542.68912548656	-198.10493529261115	-20344.584190193946	4.83898190036806	2004.564018099632	105.04520599686545	215.78630687242148	1.23765608281215	10.843204779878883	0.33654167413164415	0.19222281716485518	0.24155089274434047	0.22968461595916023	0.033561068652341146	1.8915890524708626E-4	1.891589052470862E-4	-20344.584190193946	0.0	-184.59650242521047
18500	-20541.475414662207	-200.03884261239523	-20341.436572049814	4.85250004417783	2004.5504999558223	106.56175440120337	215.78630687242148	1.23765608281215	10.3461225495825	0.33654167413164415	0.19222281716485518	0.24155089274434047	0.22968461595916023	0.033561068652341146	1.9103378091726422E-4	1.9103378091726427E-4	-20341.436572049814	0.0	-186.61993271069144
18600	-20542.787783702137	-200.87014241936578	-20341.917641282773	4.706856983010026	2004.69614301699	104.56362973180778	294.74890069553874	1.2989008787271865	10.3461225495825	0.33654167413164415	0.19222281716485518	0.24155089274434047	0.22968461595916023	0.02560542091952188	1.70319636808604E-4	1.7031963680860402E-4	-20341.917641282773	0.0	-187.12651530016632
18700	-20539.378958807643	-202.4387279327754	-20336.94023087487	4.789561904156048	2004.613438095844	104.03117480180747	339.45983520662264	1.4870237574644627	10.3461225495825	0.33654167413164415	0.19222281716485518	0.24155089274434047	0.22968461595916023	0.02560542091952188	2.0482402310696221E-4	2.0482402310696221E-4	-20336.94023087487	0.0	-188.40912947852752
18800	-20545.54561968403	-204.89228946149058	-20340.65333022254	4.828647554209482	2004.5743524457905	105.48936311968939	459.69420590669387	1.4870237574644627	10.3461225495825	0.33654167413164415	0.19222281716485518	0.24155089274434047	0.22968461595916023	0.02560542091952188	2.0482402310696221E-4	2.0482402310696232E-4	-20340.65333022254	0.0	-190.44621506222262
18900	-20549.390626710378	-207.12460350732258	-20342.266023203054	4.929921694101375	2004.4730783058988	105.28767218936277	459.69420590669387	1.4870237574644627	10.3461225495825	0.33654167413164415	0.19222281716485518	0.24155089274434047	0.22968461595916023	0.009822018655099374	1.6108763549469818E-4	1.6108763549469807E-4	-20342.266023203054	0.0	-192.83388655847892
19000	-20550.389376467134	-203.17235185741401	-20347.21702460972	4.4066739086357005	2004.9963260913644	106.91284146830243	459.69420590669387	1.500142669166053	10.3461225495825	0.33654167413164415	0.19222281716485518	0.24155089274434047	0.22968461595916023	0.009822018655099374	1.7547913666956033E-4	1.7547913666956033E-4	-20347.21702460972	0.0	-188.84457627750373
19100	-20549.459850592088	-204.01860772651057	-20345.441242865578	4.4066739086357005	2004.9963260913644	107.12712132044992	459.69420590669387	1.500142669166053	10.3461225495825	0.33654167413164415	0.19222281716485518	0.24155089274434047	0.22968461595916023	0.009822018655099374	1.8084697066227584E-4	1.8084697066227587E-4	-20345.441242865578	0.0	-189.67615509983685
19200	-20558.006520588533	-210.15839358097708	-20347.848127007557	5.583424740630604	2003.8195752593695	128.71324460148486	362.39210281180004	1.0903800605576974	10.3461225495825	0.33654167413164415	0.19222281716485518	0.24155089274434047	0.22968461595916023	0.009822018655099374	1.3759370957870526E-4	1.3759370957870532E-4	-20347.848127007557	0.0	-196.3850594671581
19300	-20553.816374882852	-210.51159260250873	-20343.304782280342	5.90384574089102	2003.499154259109	127.50349206729244	362.39210281180004	1.0903800605576974	10.3461225495825	0.33654167413164415	0.19196528515346808	0.24180842475572756	0.22968461595916023	0.04227915205641185	1.5290147584521514E-4	1.5290147584521527E-4	-20343.304782280342	0.0	-196.61409297105214
19400	-20552.028915542287	-210.36706746952933	-20341.66184807276	5.748650570547299	2003.6543494294526	126.15635100767759	362.39210281180004	1.0903800605576974	10.3461225495825	0.33654167413164415	0.19196528515346808	0.24180842475572756	0.22968461595916023	0.04227915205641185	1.568764560666738E-4	1.568764560666738E-4	-20341.66184807276	0.0	-196.45112906864045
19500	-20548.871229602915	-209.01208960049885	-20339.859140002416	5.7250238621044405	2003.6779761378955	126.34676765616847	362.39210281180004	1.0903800605576974	10.3461225495825	0.33654167413164415	0.19196528515346808	0.24180842475572756	0.22968461595916023	0.0495389756986911	1.568764560666738E-4	1.5687645606667387E-4	-20339.859140002416	0.0	-195.08235579660575
19600	-20548.136557958867	-207.29378404350845	-20340.84277391536	5.554497236745072	2003.848502763255	125.0433565283327	362.39210281180004	1.0903800605576974	10.3461225495825	0.33654167413164415	0.19196528515346808	0.24180842475572756	0.22968461595916023	0.0495389756986911	1.6756815629484457E-4	1.6756815629484454E-4	-20340.84277391536	0.0	-193.32476713711557
19700	-20549.03171544975	-210.2847186694007	-20338.746996780348	5.690307756469967	2003.71269224353	135.96089946258292	362.39210281180004	1.0903800605576974	10.3461225495825	0.33654167413164415	0.19196528515346808	0.24180842475572756	0.22968461595916023	0.013219486669469387	1.540174486221309E-4	1.540174486221309E-4	-20338.746996780348	0.0	-196.47236921696722
19800	-20548.76122043333	-211.5339087390671	-20337.227311694263	5.690307756469967	2003.71269224353	134.18713325215936	365.88175568263773	1.0903800605576974	11.365732722181388	0.33654167413164415	0.19196528515346808	0.24180842475572756	0.22968461595916023	0.013219486669469387	1.540174486221309E-4	1.5401744862213095E-4	-20337.227311694263	0.0	-197.52498192435962
19900	-20551.703235517976	-212.79249652098494	-20338.91073899699	5.690307756469967	2003.71269224353	132.70544112393088	341.8674415426409	1.0903800605576974	11.365732722181388	0.33654167413164415	0.19196528515346808	0.24180842475572756	0.22968461595916023	0.005038699079358979	1.540174486221309E-4	1.54017448622131E-4	-20338.91073899699	0.0	-198.88644136067055
20000	-20550.950436924377	-211.37744199568115	-20339.572994928694	5.907332120429554	2003.4956678795704	131.6153296454995	341.8674415426409	1.0619509671469343	11.365732722181388	0.33654167413164415	0.19196528515346808	0.24180842475572756	0.22968461595916023	0.005038699079358979	1.540174486221309E-4	1.540174486221309E-4	-20339.572994928694	0.0	-197.46771480003093
20100	-20549.396030051004	-211.78853050827385	-20337.60749954273	5.873494631489268	2003.5295053685109	137.61944966050166	341.8674415426409	0.9948813155046126	11.365732722181388	0.33654167413164415	0.19196528515346808	0.24180842475572756	0.22968461595916023	0.005038699079358979	1.4855398331780183E-4	1.4855398331780183E-4	-20337.60749954273	0.0	-197.91966427325212
20200	-20549.842341370735	-213.50277022333995	-20336.339571147397	6.13907219559159	2003.2639278044085	147.35740236623883	341.8674415426409	0.9948813155046126	11.365732722181388	0.33654167413164415	0.19196528515346808	0.24180842475572756	0.22968461595916023	0.005038699079358979	1.4212750651963527E-4	1.421275065196353E-4	-20336.339571147397	0.0	-199.68970061959615
20300	-20557.56613786224	-217.20456331240374	-20340.361574549835	6.438418135308281	2002.9645818646918	154.26621338855728	341.8674415426409	0.9546211684932598	11.365732722181388	0.33654167413164415	0.19196528515346808	0.24180842475572756	0.22968461595916023	0.005038699079358979	1.2174006315007887E-4	1.2174006315007874E-4	-20340.361574549835	0.0	-203.49438710672044
20400	-20555.017329429153	-216.87360294496384	-20338.143726484188	6.438418135308281	2002.9645818646918	157.54414970560595	496.0595826947429	1.0629709240083474	11.365732722181388	0.33654167413164415	0.19196528515346808	0.24180842475572756	0.22968461595916023	0.005038699079358979	1.2174006315007887E-4	1.2174006315007891E-4	-20338.143726484188	0.0	-202.646364318671
20500	-20553.104218845434	-214.36159145987398	-20338.74262738556	6.547246220934913	2002.855753779065	158.82386667530045	719.8092612533271	1.0629709240083474	11.365732722181388	0.33654167413164415	0.19196528515346808	0.24180842475572756	0.22968461595916023	0.005038699079358979	1.2174006315007887E-4	1.2174006315007874E-4	-20338.74262738556	0.0	-199.54257448477162
20600	-20559.05547004852	-218.11515568610642	-20340.94031436241	6.1168636455626695	2003.2861363544373	158.48659863586107	719.8092612533271	1.0629709240083474	11.365732722181388	0.33654167413164415	0.19196528515346808	0.24180842475572756	0.22968461595916023	0.005038699079358979	1.2536088257492743E-4	1.2536088257492745E-4	-20340.94031436241	0.0	-203.2798887739579
20700	-20561.95305951001	-220.88876557311315	-20341.0642939369	6.107770590978858	2003.2952294090212	160.17072492446897	719.8092612533271	1.0629709240083474	11.365732722181388	0.33654167413164415	0.19196528515346808	0.24180842475572756	0.22968461595916023	0.005038699079358979	1.2536088257492743E-4	1.253608825749274E-4	-20341.0642939369	0.0	-206.05857265670159
20800	-20563.05461966397	-217.87076898514957	-20345.18385067882	6.196630909511235	2003.2063690904888	163.72217932370617	664.423932389032	1.0629709240083474	11.365732722181388	0.33654167413164415	0.19196528515346808	0.24180842475572756	0.22968461595916023	0.004669510009386349	1.2356319474749692E-4	1.235631947474969E-4	-20345.18385067882	0.0	-203.1947219818684
20900	-20562.731024956753	-218.9791207244279	-20343.751904232326	7.296695762083336	2002.1063042379167	165.84980301457884	664.423932389032	1.0629709240083474	11.365732722181388	0.33654167413164415	0.19196528515346808	0.24180842475572756	0.22968461595916023	0.004669510009386349	1.1551899164802957E-4	1.155189916480295E-4	-20343.751904232326	0.0	-204.3442596507138
21000	-20564.886987818645	-212.65213793160444	-20352.23484988704	7.064172071004015	2002.338827928996	159.19653003682674	664.423932389032	1.0538738641653675	11.365732722181388	0.33654167413164415	0.19196528515346808	0.24180842475572756	0.22968461595916023	0.004669510009386349	1.1932140501760415E-4	1.1932140501760404E-4	-20352.23484988704	0.0	-197.98086663224817
21100	-20563.6134896845	-214.83824494518868	-20348.77524473931	7.11495935813828	2002.2880406418617	164.74779093343022	664.423932389032	1.0538738641653675	11.365732722181388	0.33654167413164415	0.19196528515346808	0.24180842475572756	0.22968461595916023	0.009270926000574517	1.1591038958180968E-4	1.1591038958180961E-4	-20348.77524473931	0.0	-200.1893102036529
21200	-20566.126445745405	-217.6150692751299	-20348.511376470276	6.9547898871168075	2002.4482101128833	174.78788958742726	664.423932389032	1.0538738641653675	11.365732722181388	0.33654167413164415	0.19196528515346808	0.24180842475572756	0.22968461595916023	0.009270926000574517	1.0921659137334071E-4	1.0921659137334072E-4	-20348.511376470276	0.0	-203.02546168477693
21300	-20562.888197305027	-218.0022225355778	-20344.885974769448	7.340746790651414	2002.0622532093487	174.3114550482172	898.0205729720709	1.0538738641653675	11.778039885058408	0.33654167413164415	0.19196528515346808	0.24180842475572756	0.22968461595916023	0.009270926000574517	1.0903574753030262E-4	1.0903574753030261E-4	-20344.885974769448	0.0	-202.80892838633227
21400	-20570.215184488134	-219.20478312815519	-20351.010401359978	7.160874526162399	2002.2421254738376	174.09278382585148	1113.262418406849	1.0538738641653675	11.778039885058408	0.33654167413164415	0.19196528515346808	0.24180842475572756	0.22968461595916023	0.009270926000574517	1.1177458993661394E-4	1.1177458993661393E-4	-20351.010401359978	0.0	-203.56812002985237
21500	-20566.658942472903	-218.5504075827646	-20348.10853489014	7.539247302620107	2001.8637526973798	189.40956846467998	1113.262418406849	1.0538738641653675	11.778039885058408	0.33654167413164415	0.19196528515346808	0.24180842475572756	0.22968461595916023	0.009270926000574517	1.025199856273556E-4	1.0251998562735564E-4	-20348.10853489014	0.0	-202.99916026476947
21600	-20571.40430117484	-220.85771515715945	-20350.54658601768	7.245082139103122	2002.157917860897	191.88235678208204	1113.262418406849	1.0538738641653675	11.778039885058408	0.33654167413164415	0.19196528515346808	0.24180842475572756	0.22968461595916023	0.009270926000574517	1.0082017139020457E-4	1.0082017139020456E-4	-20350.54658601768	0.0	-205.32138552954143
21700	-20574.90749454483	-222.0019779395573	-20352.90551660527	7.176690257947346	2002.2263097420528	191.0181077168392	1142.675979008968	1.0538738641653675	11.778039885058408	0.33654167413164415	0.19196528515346808	0.24180842475572756	0.22968461595916023	0.009270926000574517	1.0082017139020457E-4	1.0082017139020455E-4	-20352.90551660527	0.0	-206.40801280628125
21800	-20570.695442134864	-223.67479092037033	-20347.020651214494	7.234428380189351	2002.1685716198106	187.9300028623053	1336.4693798228716	1.0538738641653675	17.77975498858899	0.33654167413164415	0.19196528515346808	0.24180842475572756	0.22968461595916023	0.009270926000574517	1.0082017139020457E-4	1.0082017139020453E-4	-20347.020651214494	0.0	-206.8701454440426
21900	-20569.96864976581	-221.16956935168648	-20348.799080414126	7.234428380189351	2002.1685716198106	187.07707403131212	1347.5150475211033	1.0538738641653675	17.77975498858899	0.33654167413164415	0.19196528515346808	0.24180842475572756	0.22968461595916023	0.009270926000574517	1.0082017139020457E-4	1.0082017139020457E-4	-20348.799080414126	0.0	-204.34346714793875
22000	-20567.25440289655	-219.66009126190312	-20347.594311634646	7.234428380189351	2002.1685716198106	191.2810878068547	1347.5150475211033	1.0538738641653675	17.77975498858899	0.33654167413164415	0.19196528515346808	0.24180842475572756	0.22968461595916023	0.0030437687898641017	1.0082017139020457E-4	1.0082017139020456E-4	-20347.594311634646	0.0	-202.85713118198035
22100	-20570.882334295697	-219.85223012088588	-20351.03010417481	7.234428380189351	2002.1685716198106	191.87346149499734	1347.5150475211033	1.0726923490300972	17.77975498858899	0.33654167413164415	0.19196528515346808	0.24180842475572756	0.22968461595916023	0.0030437687898641017	1.0082017139020457E-4	1.0082017139020459E-4	-20351.03010417481	0.0	-203.0505681778584
22200	-20573.718916168007	-220.97045937941922	-20352.748456788588	8.173013216021436	2001.2299867839786	190.4793963179026	1347.5150475211033	1.0726923490300972	17.77975498858899	0.33654167413164415	0.19196528515346808	0.24180842475572756	0.22968461595916023	0.0030437687898641017	9.410572017026076E-5	9.410572017026077E-5	-20352.748456788588	0.0	-204.20103072516108
22300	-20574.780296025507	-220.83155457415046	-20353.948741451357	8.188241463593334	2001.2147585364066	191.1814619772076	1286.3069387195496	1.0726923490300972	17.77975498858899	0.33654167413164415	0.19196528515346808	0.24180842475572756	0.22968461595916023	0.0030437687898641017	9.393070515500305E-5	9.3930705155003E-5	-20353.948741451357	0.0	-204.1725121036061
22400	-20574.930261371035	-221.56730303718888	-20353.362958333848	7.461082060579917	2001.9419179394201	185.46817237020804	868.1637487793565	1.006295955667102	17.77975498858899	0.33997174716459055	0.18853521212052168	0.24180842475572756	0.22968461595916023	0.0030437687898641017	9.393070515500305E-5	9.393070515500306E-5	-20353.362958333848	0.0	-205.7051915545314
22500	-20565.455838859663	-218.45752323540174	-20346.998315624263	7.727582239787389	2001.6754177602127	185.9637496056974	868.1637487793565	1.006295955667102	15.333778889459216	0.33997174716459055	0.18853521212052168	0.24180842475572756	0.22968461595916023	0.0030437687898641017	9.393070515500305E-5	9.393070515500309E-5	-20346.998315624263	0.0	-202.91558485759623
22600	-20565.43301866562	-220.17419587946043	-20345.25882278616	7.727582239787389	2001.6754177602127	187.46692117157502	868.1637487793565	0.9469525133630721	15.333778889459216	0.33997174716459055	0.18853521212052168	0.24180842475572756	0.22968461595916023	0.0030437687898641017	1.0732985942870968E-4	1.0732985942870973E-4	-20345.25882278616	0.0	-204.5675483887842
22700	-20567.640565513022	-222.0641276643698	-20345.576437848653	7.983508551753308	2001.4194914482466	195.96971597643915	868.1637487793565	0.9469525133630721	15.333778889459216	0.33997174716459055	0.18853521212052168	0.24180842475572756	0.22968461595916023	0.0030437687898641017	1.0492133130206084E-4	1.0492133130206077E-4	-20345.576437848653	0.0	-206.49056645582954
22800	-20566.52891621117	-222.41052344611586	-20344.118392765053	7.983508551753308	2001.4194914482466	196.33648359249594	839.6337937305357	0.9469525133630721	15.333778889459216	0.33997174716459055	0.18853521212052168	0.24180842475572756	0.22968461595916023	0.0030437687898641017	1.0469621011136077E-4	1.0469621011136078E-4	-20344.118392765053	0.0	-206.9008878701611
22900	-20571.1792036154	-223.2806619107766	-20347.898541704624	7.983508551753308	2001.4194914482466	192.89756544808537	858.1746361894258	0.9321365214192873	15.333778889459216	0.33997174716459055	0.18853521212052168	0.24180842475572756	0.22968461595916023	0.0030437687898641017	1.1508986279348783E-4	1.1508986279348787E-4	-20347.898541704624	0.0	-207.6730083646997
23000	-20571.07724387341	-219.89282030501425	-20351.184423568397	7.523600450416202	2001.879399549584	184.85286014439745	551.0846667681792	0.8551221905766461	15.333778889459216	0.33997174716459055	0.18853521212052168	0.24180842475572756	0.22968461595916023	0.0030437687898641017	1.1854569111875681E-4	1.185456911187569E-4	-20351.184423568397	0.0	-204.9996979729545
23100	-20571.949722830483	-224.2836443772317	-20347.66607845325	8.18604739343959	2001.2169526065604	185.48436054991015	551.0846667681792	0.8187987274646392	15.333778889459216	0.33997174716459055	0.18853521212052168	0.24180842475572756	0.22968461595916023	0.005585355544861482	1.1854569111875681E-4	1.1854569111875687E-4	-20347.66607845325	0.0	-209.38743245001146
23200	-20573.40007067077	-224.7243371806961	-20348.675733490076	8.18604739343959	2001.2169526065604	184.48887962501786	551.0846667681792	0.8187987274646392	15.333778889459216	0.33997174716459055	0.18853521212052168	0.24180842475572756	0.22968461595916023	0.005585355544861482	1.1854569111875681E-4	1.185456911187568E-4	-20348.675733490076	0.0	-209.82555257336995
23300	-20570.84844576214	-224.77859005060992	-20346.069855711532	8.243658069860764	2001.1593419301394	186.03789664855142	551.0846667681792	0.8405750505928484	10.767834174237905	0.33997174716459055	0.18853521212052168	0.24180842475572756	0.22968461595916023	0.005585355544861482	1.1854569111875681E-4	1.1854569111875683E-4	-20346.069855711532	0.0	-210.5884952996561
23400	-20570.35594368078	-226.02797653653664	-20344.327967144243	8.152539334119583	2001.2504606658804	183.6927597527255	655.9662937163903	0.8405750505928484	10.767834174237905	0.3406444935264258	0.18786246575868645	0.24180842475572756	0.22968461595916023	0.005585355544861482	9.730714709823243E-5	9.730714709823238E-5	-20344.327967144243	0.0	-211.65550290577696
23500	-20563.53679896038	-225.06981721610447	-20338.466981744277	7.957503716771992	2001.445496283228	176.40371544621382	439.26583933460836	0.8405750505928484	10.767834174237905	0.3406444935264258	0.18786246575868645	0.24180842475572756	0.22968461595916023	0.005585355544861482	1.1852269221772699E-4	1.1852269221772701E-4	-20338.466981744277	0.0	-211.19275374542687
23600	-20562.185504171895	-227.05799109938556	-20335.12751307251	7.8187448239079345	2001.584255176092	176.26897471003198	481.04849026795125	0.8405750505928484	10.767834174237905	0.3406444935264258	0.18786246575868645	0.24180842475572756	0.22968461595916023	0.005585355544861482	1.1852269221772699E-4	1.1852269221772689E-4	-20335.12751307251	0.0	-213.04800646480547
23700	-20563.926641963644	-226.8050110844532	-20337.12163087919	7.8187448239079345	2001.584255176092	178.48155927827696	689.8866983037989	0.8909974680850183	10.767834174237905	0.33225055024605493	0.1984774119158468	0.24180842475572756	0.22746361308237076	0.005585355544861482	1.1852269221772699E-4	1.1852269221772704E-4	-20337.12163087919	0.0	-212.2314601294714
23800	-20566.80447978991	-225.9895628869765	-20340.81491690293	7.8187448239079345	2001.584255176092	179.6398292197613	689.8866983037989	0.8909974680850183	7.520649283221646	0.33225055024605493	0.1984774119158468	0.24180842475572756	0.22746361308237076	0.005585355544861482	1.0202056936003446E-4	1.0202056936003456E-4	-20340.81491690293	0.0	-212.1309285358696
23900	-20573.84513846504	-226.97024018759544	-20346.874898277445	7.8187448239079345	2001.584255176092	180.276694333212	689.8866983037989	0.8909974680850183	7.520649283221646	0.33225055024605493	0.1984774119158468	0.24180842475572756	0.22746361308237076	0.005585355544861482	1.1092413500764689E-4	1.1092413500764682E-4	-20346.874898277445	0.0	-213.06986921672814
24000	-20569.97477464946	-226.8103647315521	-20343.16440991791	7.5554057012832345	2001.8475942987168	180.03019183016468	689.8866983037989	0.8909974680850183	7.520649283221646	0.33225055024605493	0.1984774119158468	0.24180842475572756	0.22746361308237076	0.00477418564592103	1.1551749030425927E-4	1.1551749030425927E-4	-20343.16440991791	0.0	-212.8898446296201
24100	-20564.85680210902	-228.23663093423	-20336.620171174793	7.724535891973122	2001.678464108027	178.80590466676475	672.048357265578	0.8109798497641423	7.520649283221646	0.33225055024605493	0.1984774119158468	0.24180842475572756	0.22746361308237076	0.00477418564592103	1.1551749030425927E-4	1.1551749030425932E-4	-20336.620171174793	0.0	-214.35764981804135
24200	-20563.808641831027	-228.6487455880158	-20335.15989624301	7.724535891973122	2001.678464108027	180.05553617469997	621.4390077781429	0.8109798497641423	7.520649283221646	0.33225055024605493	0.1984774119158468	0.24180842475572756	0.22746361308237076	0.00477418564592103	1.1551749030425927E-4	1.1551749030425921E-4	-20335.15989624301	0.0	-214.90192592940332
24300	-20565.034283704073	-228.70729415573066	-20336.326989548343	7.724535891973122	2001.678464108027	182.50385990736044	621.4390077781429	0.8109798497641423	12.725403551140243	0.33225055024605493	0.1984774119158468	0.24180842475572756	0.22746361308237076	0.020827552154158362	1.1551749030425927E-4	1.1551749030425919E-4	-20336.326989548343	0.0	-213.97782285263474
24400	-20568.1361138549	-232.39677333800898	-20335.73934051689	7.724535891973122	2001.678464108027	181.35418792194764	621.4390077781429	0.8109798497641423	12.725403551140243	0.33225055024605493	0.1984774119158468	0.24180842475572756	0.22746361308237076	0.020827552154158362	1.1551749030425927E-4	1.1551749030425925E-4	-20335.73934051689	0.0	-217.66427515989616
24500	-20567.033644150328	-231.25245572823607	-20335.78118842209	7.724535891973122	2001.678464108027	182.9449609153524	621.4390077781429	0.8109798497641423	12.725403551140243	0.33225055024605493	0.1984774119158468	0.24180842475572756	0.22746361308237076	0.020827552154158362	9.587952471362773E-5	9.587952471362773E-5	-20335.78118842209	0.0	-216.62089789803
24600	-20568.726488394765	-229.87935443792563	-20338.84713395684	7.494316299765285	2001.9086837002346	185.7397672625303	621.4390077781429	0.80777964994561	12.725403551140243	0.33225055024605493	0.1984774119158468	0.24180842475572756	0.22746361308237076	0.020827552154158362	9.468258833831646E-5	9.46825883383165E-5	-20338.84713395684	0.0	-215.26164475178444
24700	-20571.07218526129	-234.80548779116913	-20336.26669747012	7.901781753326315	2001.5012182466737	186.39324370742568	621.4390077781429	0.80777964994561	12.725403551140243	0.33225055024605493	0.1984774119158468	0.24180842475572756	0.22746361308237076	0.023861764969692015	1.0484725196041658E-4	1.0484725196041662E-4	-20336.26669747012	0.0	-220.1305220001007
24800	-20572.104732771873	-235.06149055460773	-20337.043242217267	8.124062410372733	2001.2789375896273	188.09071951402512	621.4390077781429	0.80777964994561	12.725403551140243	0.33225055024605493	0.20032703900386092	0.24180842475572756	0.22561398599435664	0.023861764969692015	1.0484725196041658E-4	1.0484725196041658E-4	-20337.043242217267	0.0	-220.390879658694
24900	-20575.30221858667	-239.03037274265714	-20336.27184584401	8.890670727861263	2000.5123292721387	210.04150338794742	717.4820692640866	0.6956614319795572	12.725403551140243	0.33225055024605493	0.20032703900386092	0.24180842475572756	0.22561398599435664	0.023861764969692015	9.49933504724922E-5	9.499335047249222E-5	-20336.27184584401	0.0	-224.22558094028204
25000	-20573.630130147118	-238.7484094779165	-20334.8817206692	8.51944141174456	2000.8835585882555	209.70489530745357	717.4820692640866	0.6956614319795572	12.725403551140243	0.33225055024605493	0.20032703900386092	0.24180842475572756	0.22561398599435664	0.023861764969692015	9.19811304230445E-5	9.198113042304449E-5	-20334.8817206692	0.0	-223.9595911172663
25100	-20580.713267216124	-239.32528469005118	-20341.387982526074	8.713167901229781	2000.6898320987702	220.06351080811157	717.4820692640866	0.6418886900044944	12.725403551140243	0.3316662557285227	0.20032703900386092	0.24180842475572756	0.22619828051188887	0.023861764969692015	8.906343101749615E-5	8.906343101749613E-5	-20341.387982526074	0.0	-224.57691810692535
25200	-20578.514979076426	-239.77632194544094	-20338.738657130983	8.975791755445448	2000.4272082445545	216.090454759091	717.4820692640866	0.7168166274209218	12.725403551140243	0.3316662557285227	0.19302478936294262	0.24180842475572756	0.23350053015280717	0.023861764969692015	8.424451747401918E-5	8.424451747401907E-5	-20338.738657130983	0.0	-225.04730437475823
25300	-20578.585069490775	-238.81894800614918	-20339.766121484627	8.581396645127635	2000.8216033548724	213.69236076661238	717.4820692640866	0.7168166274209218	12.725403551140243	0.3391620198422763	0.19302478936294262	0.24180842475572756	0.2260047660390536	0.023861764969692015	8.424451747401918E-5	8.424451747401916E-5	-20339.766121484627	0.0	-224.0845526228198
25400	-20584.07637923275	-238.38774890696007	-20345.68863032579	8.557898849636448	2000.8451011503635	214.87275060009074	717.4820692640866	0.7168166274209218	9.44263569666877	0.3391620198422763	0.19302478936294262	0.24180842475572756	0.2260047660390536	0.023861764969692015	8.782506252721396E-5	8.782506252721396E-5	-20345.68863032579	0.0	-224.19906162806393
25500	-20585.642447315906	-238.2362843261803	-20347.406162989726	9.200893060258618	2000.2021069397415	211.31430882903942	717.4820692640866	0.7168166274209218	11.719360641582213	0.3391620198422763	0.1945370919303856	0.24029612218828458	0.2260047660390536	0.03599900485415288	9.351864173569767E-5	9.35186417356977E-5	-20347.406162989726	0.0	-223.57959039945976
25600	-20589.715451749147	-237.91851918718177	-20351.796932561967	9.200893060258618	2000.2021069397415	210.2086235712384	555.908907957072	0.7168166274209218	11.719360641582213	0.3391620198422763	0.1945370919303856	0.24029612218828458	0.2260047660390536	0.03599900485415288	8.491568714388805E-5	8.491568714388804E-5	-20351.796932561967	0.0	-223.7258265000964
25700	-20580.079957658687	-236.16433518773562	-20343.91562247095	9.200893060258618	2000.2021069397415	205.33783820195822	321.96234025681	0.629610490744474	11.719360641582213	0.3391620198422763	0.19121232978380445	0.24029612218828458	0.22932952818563473	0.03599900485415288	8.491568714388805E-5	8.491568714388802E-5	-20343.91562247095	0.0	-222.74077649456171
25800	-20577.104748022724	-235.47888327273247	-20341.625864749993	9.215426064124907	2000.1875739358752	210.16921646772565	504.3631187466814	0.629610490744474	11.719360641582213	0.3391620198422763	0.19121232978380445	0.24029612218828458	0.22932952818563473	0.03599900485415288	8.478177255318076E-5	8.478177255318074E-5	-20341.625864749993	0.0	-221.43654597845892
25900	-20581.038097591947	-237.2052398351124	-20343.832857756835	9.047113093060062	2000.35588690694	211.02733866453633	455.99147149673337	0.629610490744474	11.719360641582213	0.3391620198422763	0.19121232978380445	0.24029612218828458	0.22932952818563473	0.09089752314150212	8.635905713930094E-5	8.635905713930094E-5	-20343.832857756835	0.0	-223.1946138911574
26000	-20578.811319045115	-237.31291013728142	-20341.498408907835	9.36410284725022	2000.0388971527498	215.79550178861444	398.79640194332626	0.5471451523336979	11.719360641582213	0.3391620198422763	0.19121232978380445	0.24029612218828458	0.22932952818563473	0.09089752314150212	8.635905713930094E-5	8.63590571393009E-5	-20341.498408907835	0.0	-223.5049529677645
26100	-20587.33618356208	-238.70822818195663	-20348.627955380125	9.766174484976647	1999.6368255150235	225.59252477428865	475.8673067002465	0.5471451523336979	11.719360641582213	0.3391620198422763	0.19121232978380445	0.24029612218828458	0.22932952818563473	0.09089752314150212	8.250917791654964E-5	8.250917791654962E-5	-20348.627955380125	0.0	-224.69171287048854
26200	-20589.45978050531	-237.65047471961174	-20351.809305785697	9.621963095427182	1999.7810369045728	233.80242487030063	475.8673067002465	0.547098252170781	9.18438523987028	0.3391620198422763	0.1908656048056959	0.24064284716639314	0.22932952818563473	0.09089752314150212	8.250917791654964E-5	8.250917791654962E-5	-20351.809305785697	0.0	-224.10382445206253
26300	-20589.79187030761	-238.05464481020618	-20351.737225497403	10.209667496191447	1999.1933325038085	233.6803443490816	475.8673067002465	0.547098252170781	9.508619879156631	0.3391620198422763	0.1908656048056959	0.24064284716639314	0.22932952818563473	0.09089752314150212	8.197209607005616E-5	8.197209607005612E-5	-20351.737225497403	0.0	-224.44902152519398
26400	-20585.976066946052	-238.4502052169575	-20347.525861729093	10.24580602898279	1999.1571939710173	244.24464844474298	475.8673067002465	0.547098252170781	9.508619879156631	0.33910340471908734	0.1908656048056959	0.24070146228958209	0.22932952818563473	0.05921768131366809	8.168296788693196E-5	8.168296788693197E-5	-20347.525861729093	0.0	-224.93102107428422
26500	-20590.82004476738	-237.60411137245814	-20353.215933394924	10.819298551642405	1998.5837014483577	248.27964607550197	475.8673067002465	0.547098252170781	9.508619879156631	0.33910340471908734	0.1908656048056959	0.24070146228958209	0.22932952818563473	0.05921768131366809	7.194761519576851E-5	7.194761519576852E-5	-20353.215933394924	0.0	-224.15866100750443
26600	-20588.441569113973	-236.62614307587353	-20351.815426038098	9.152405149563226	2000.2505948504368	217.72060820625794	486.09940024199534	0.547098252170781	9.508619879156631	0.33910340471908734	0.1908656048056959	0.24070146228958209	0.22932952818563473	0.05921768131366809	7.688620096694599E-5	7.688620096694606E-5	-20351.815426038098	0.0	-223.05146561685032
26700	-20584.03266483297	-236.2214695385778	-20347.81119529439	10.03144604505047	1999.3715539549496	234.1261118736857	493.94305790074236	0.5628125507541522	8.36467442908163	0.33910340471908734	0.1908656048056959	0.24070146228958209	0.22932952818563473	0.05921768131366809	9.585088490824965E-5	9.585088490824962E-5	-20347.81119529439	0.0	-222.76883771349162
26800	-20585.81662157327	-238.57924465386267	-20347.23737691941	10.507130026630275	1998.8958699733698	246.38459351429313	493.94305790074236	0.5930608625484775	11.07230455854748	0.33910340471908734	0.1908656048056959	0.24070146228958209	0.22932952818563473	0.05921768131366809	6.896208798342203E-5	6.896208798342202E-5	-20347.23737691941	0.0	-224.81456823866674
26900	-20587.953030857912	-238.32562305301107	-20349.627407804903	10.507130026630275	1998.8958699733698	250.80033845680697	816.4233597287679	0.6923911484244539	11.07230455854748	0.33910340471908734	0.1908656048056959	0.24070146228958209	0.22932952818563473	0.05921768131366809	8.114120792078895E-5	8.114120792078896E-5	-20349.627407804903	0.0	-223.65966840626479
27000	-20588.136436621546	-240.0891018678006	-20348.047334753745	10.272791522761048	1999.130208477239	244.9990521777861	1033.6551405123723	0.6923911484244539	11.07230455854748	0.33910340471908734	0.1908656048056959	0.24070146228958209	0.22932952818563473	0.05921768131366809	8.079177538317087E-5	8.079177538317084E-5	-20348.047334753745	0.0	-224.961240740525
27100	-20582.962419509804	-235.6556616338506	-20347.306757875955	10.17091270697089	1999.232087293029	237.68550545394544	926.1456968870718	0.6923911484244539	11.07230455854748	0.33910340471908734	0.1908656048056959	0.24070146228958209	0.22932952818563473	0.05921768131366809	8.520822066117449E-5	8.520822066117449E-5	-20347.306757875955	0.0	-220.7028018454999
27200	-20588.723308644447	-235.05303109964717	-20353.6702775448	10.17091270697089	1999.232087293029	239.84959085070295	926.1456968870718	0.6923911484244539	11.07230455854748	0.33910340471908734	0.1908656048056959	0.24070146228958209	0.22932952818563473	0.05921768131366809	8.520822066117449E-5	8.52082206611745E-5	-20353.6702775448	0.0	-220.10451872738156
27300	-20591.226247635725	-235.54303796207438	-20355.68320967365	10.180631315160278	1999.2223686848397	252.88652806806667	954.3591929553141	0.6617597188763235	9.618885583872132	0.33910340471908734	0.1908656048056959	0.24070146228958209	0.22932952818563473	0.0958783003078998	8.291208591905772E-5	8.291208591905771E-5	-20355.68320967365	0.0	-220.76377760795407
27400	-20587.176614965134	-236.11524340503678	-20351.061371560096	10.55081969942752	1998.8521803005724	269.01616832847094	1150.4390195547142	0.6617597188763235	9.618885583872132	0.33750619597703696	0.1908656048056959	0.24070146228958209	0.23092673692768514	0.0958783003078998	7.026850488980295E-5	7.026850488980294E-5	-20351.061371560096	0.0	-221.06893915367064
27500	-20582.78973072051	-236.42145437569528	-20346.368276344812	9.029105593982171	2000.3738944060178	265.11852973037077	1150.4390195547142	0.6617597188763235	9.618885583872132	0.33750619597703696	0.1908656048056959	0.24070146228958209	0.23092673692768514	0.0958783003078998	7.215351249384899E-5	7.215351249384902E-5	-20346.368276344812	0.0	-221.3543908781017
27600	-20587.619852974178	-236.57659564837067	-20351.043257325808	8.993809913601723	2000.4091900863982	267.9200643548444	959.9684046618904	0.6617597188763235	9.618885583872132	0.33750619597703696	0.1908656048056959	0.24070146228958209	0.23092673692768514	0.0958783003078998	7.188108334758232E-5	7.188108334758228E-5	-20351.043257325808	0.0	-221.8878383956069
27700	-20602.796209297874	-244.68287430256285	-20358.113334995312	10.567502941466762	1998.8354970585333	314.28567782034924	1728.55613680337	0.6617597188763235	9.618885583872132	0.33750619597703696	0.1908656048056959	0.24070146228958209	0.23092673692768514	0.0958783003078998	6.155679392005665E-5	6.155679392005664E-5	-20358.113334995312	0.0	-228.79522136686757
27800	-20598.900094903544	-242.7803001917697	-20356.119794711773	10.326741968804274	1999.0762580311957	301.43442352749366	2082.0968033026966	0.6617597188763235	9.618885583872132	0.33750619597703696	0.1908656048056959	0.24070146228958209	0.23092673692768514	0.04003970305061198	6.336202204518945E-5	6.336202204518945E-5	-20356.119794711773	0.0	-226.4298006317677
27900	-20596.424792590395	-244.74669436939848	-20351.678098220997	10.326741968804274	1999.0762580311957	299.8635227946566	2082.0968033026966	0.6617597188763235	9.637246481558886	0.33750619597703696	0.1908656048056959	0.24070146228958209	0.23092673692768514	0.04003970305061198	6.336202204518945E-5	6.336202204518943E-5	-20351.678098220997	0.0	-228.39023126945074
28000	-20596.171434810818	-245.56793691346593	-20350.60349789735	10.326741968804274	1999.0762580311957	301.0792888316196	2082.0968033026966	0.6617597188763235	9.637246481558886	0.33750619597703696	0.19667380925325473	0.24070146228958209	0.2251185324801263	0.04003970305061198	6.845479098902225E-5	6.845479098902225E-5	-20350.60349789735	0.0	-229.17323211274467
28100	-20600.148076217854	-244.82555235885187	-20355.322523859002	10.028431511431153	1999.374568488569	288.5598753008266	2082.0968033026966	0.6617597188763235	9.637246481558886	0.33750619597703696	0.19667380925325473	0.24070146228958209	0.2251185324801263	0.04003970305061198	6.634558022016822E-5	6.634558022016825E-5	-20355.322523859002	0.0	-228.4267258819221
28200	-20600.708747053177	-244.80060731374493	-20355.908139739433	10.715877046338802	1998.6871229536612	295.2462363573631	1869.1008583946107	0.6821130192440804	9.637246481558886	0.33750619597703696	0.19667380925325473	0.24070146228958209	0.2251185324801263	0.04003970305061198	6.562653162779873E-5	6.562653162779871E-5	-20355.908139739433	0.0	-228.7390540847196
28300	-20598.47799422045	-244.95911381063996	-20353.51888040981	10.715877046338802	1998.6871229536612	300.9982628544573	1869.1008583946107	0.6821130192440804	9.637246481558886	0.33750619597703696	0.19667380925325473	0.24070146228958209	0.2251185324801263	0.04003970305061198	6.562653162779873E-5	6.562653162779873E-5	-20353.51888040981	0.0	-228.9068304889639
28400	-20598.199421338526	-244.82040520021576	-20353.37901613831	11.137263200626956	1998.2657367993731	302.9922138948743	1869.1008583946107	0.6264592950578014	9.637246481558886	0.33750619597703696	0.19667380925325473	0.24070146228958209	0.2251185324801263	0.04003970305061198	6.562653162779873E-5	6.562653162779876E-5	-20353.37901613831	0.0	-228.77184886717956
28500	-20593.820845236627	-246.33642100972753	-20347.4844242269	11.141639465073112	1998.261360534927	299.3849573520921	1379.8235609279632	0.6091587535233326	9.637246481558886	0.33750619597703696	0.19667380925325473	0.24070146228958209	0.2251185324801263	0.031159970394322657	6.562653162779873E-5	6.562653162779877E-5	-20347.4844242269	0.0	-231.09252108882555
28600	-20591.838244249207	-244.15257779502423	-20347.685666454185	10.610412902816734	1998.7925870971833	279.592704268957	1231.8735576849035	0.6091587535233326	9.637246481558886	0.33750619597703696	0.19667380925325473	0.24070146228958209	0.2251185324801263	0.05637652036136018	7.132228881520391E-5	7.132228881520387E-5	-20347.685666454185	0.0	-229.0433946030602
28700	-20590.301313697746	-243.39695915548228	-20346.904354542265	11.375187055967706	1998.0278129440323	290.7733898991906	1361.3251902854201	0.6091587535233326	9.637246481558886	0.33750619597703696	0.19667380925325473	0.24070146228958209	0.2251185324801263	0.05637652036136018	7.016350272330358E-5	7.01635027233036E-5	-20346.904354542265	0.0	-228.08583682925956
28800	-20593.036421338726	-243.62105724132437	-20349.4153640974	11.801443819631155	1997.6015561803688	294.32356747355396	1361.3251902854201	0.5858364339119783	9.637246481558886	0.33750619597703696	0.19667380925325473	0.24070146228958209	0.2251185324801263	0.05637652036136018	6.934775722357373E-5	6.934775722357369E-5	-20349.4153640974	0.0	-228.32207411962509
28900	-20590.17143086394	-244.59222782439517	-20345.579203039542	12.46696782499914	1996.936032175001	301.79653871036777	1361.3251902854201	0.5858364339119783	9.637246481558886	0.33750619597703696	0.19343031063643362	0.2439449609064032	0.2251185324801263	0.05637652036136018	6.843329825889939E-5	6.843329825889938E-5	-20345.579203039542	0.0	-229.31217626400496
29000	-20597.593112870214	-246.6600070269806	-20350.933105843233	12.418130264415993	1996.984869735584	297.4926596531063	1234.0887275435002	0.5858364339119783	9.637246481558886	0.3340134729332968	0.2004645405479218	0.2439449609064032	0.22157702561237833	0.05637652036136018	6.870243018765683E-5	6.870243018765687E-5	-20350.933105843233	0.0	-231.59628978410876
29100	-20594.419469423752	-247.80161111721156	-20346.61785830654	12.949288929201211	1996.4537110707988	302.00198474655133	1234.0887275435002	0.5858364339119783	9.975269193881571	0.3340134729332968	0.2004645405479218	0.23977374389624778	0.22574824262253373	0.05637652036136018	6.870243018765683E-5	6.870243018765684E-5	-20346.61785830654	0.0	-232.6823285019459
29200	-20592.76664252778	-245.81801095644585	-20346.948631571333	13.593610276925862	1995.8093897230742	299.0584249801403	1234.0887275435002	0.5858364339119783	9.975269193881571	0.3340134729332968	0.2004645405479218	0.23977374389624778	0.22574824262253373	0.05637652036136018	6.870243018765683E-5	6.870243018765676E-5	-20346.948631571333	0.0	-230.69403325399554
29300	-20594.6637947163	-247.1633890988274	-20347.500405617473	13.593610276925862	1995.8093897230742	297.6971348221138	992.3488249824369	0.5858364339119783	9.975269193881571	0.3340134729332968	0.2004645405479218	0.23977374389624778	0.22574824262253373	0.01845390693061052	6.565627802229442E-5	6.565627802229438E-5	-20347.500405617473	0.0	-232.5961868056402
29400	-20595.52551938059	-245.33151592228668	-20350.194003458302	13.593610276925862	1995.8093897230742	297.42656018148995	992.3488249824369	0.5379587636496656	9.975269193881571	0.3340134729332968	0.2004645405479218	0.23977374389624778	0.22574824262253373	0.01845390693061052	6.565627802229442E-5	6.565627802229439E-5	-20350.194003458302	0.0	-230.76435551791758
29500	-20589.636058627584	-244.51650445556695	-20345.11955417202	11.140782194397547	1998.2622178056024	290.04443244119363	950.990145977727	0.5379587636496656	9.975269193881571	0.33607945886476137	0.19839855461645722	0.23977374389624778	0.22574824262253373	0.01845390693061052	6.95091675517458E-5	6.950916755174581E-5	-20345.11955417202	0.0	-229.99151899708082
29600	-20589.76525696313	-244.71988766417846	-20345.04536929895	11.500912676123384	1997.9020873238767	284.7651902202218	950.990145977727	0.5379587636496656	9.975269193881571	0.33607945886476137	0.19839855461645722	0.23977374389624778	0.22574824262253373	0.01845390693061052	6.995077806120309E-5	6.995077806120304E-5	-20345.04536929895	0.0	-230.18279222967118
29700	-20592.397910789605	-246.75609308974447	-20345.64181769986	11.50136161452645	1997.9016383854735	282.63260418151543	934.6073520495578	0.5240915979070764	9.975269193881571	0.33607945886476137	0.19839855461645722	0.23977374389624778	0.22574824262253373	0.012896718894976117	6.994804763748036E-5	6.99480476374803E-5	-20345.64181769986	0.0	-232.26040423310428
29800	-20588.009662953053	-246.56399566175446	-20341.445667291297	11.790999243381465	1997.6120007566185	294.71198078981496	934.6073520495578	0.5240915979070764	9.975269193881571	0.33607945886476137	0.19839855461645722	0.23977374389624778	0.22574824262253373	0.012896718894976117	6.822982289311617E-5	6.822982289311616E-5	-20341.445667291297	0.0	-232.10132912878242
29900	-20592.226470933576	-248.70065075022694	-20343.52582018335	11.790999243381465	1997.6120007566185	292.68800904561886	963.7829984089298	0.558589091275064	10.890539735259116	0.33607945886476137	0.19839855461645722	0.23977374389624778	0.22574824262253373	0.022170575005019646	6.822982289311617E-5	6.822982289311621E-5	-20343.52582018335	0.0	-233.99260412952054
30000	-20588.754346129164	-249.30549411224686	-20339.448852016918	11.790999243381465	1997.6120007566185	288.50170423341683	963.7829984089298	0.5226042979503642	10.890539735259116	0.33607945886476137	0.19839855461645722	0.23977374389624778	0.22574824262253373	0.022170575005019646	6.822982289311617E-5	6.82298228931162E-5	-20339.448852016918	0.0	-234.59088985380862
30100	-20587.75599655043	-247.94325504219668	-20339.812741508234	12.081031386795644	1997.3219686132043	292.7727667503644	963.7829984089298	0.5226042979503642	9.69677838323763	0.33607945886476137	0.19839855461645722	0.23977374389624778	0.22574824262253373	0.022170575005019646	6.710348312505171E-5	6.710348312505172E-5	-20339.812741508234	0.0	-233.45927412502607
30200	-20587.8349940944	-247.95353317703442	-20339.881460917364	11.50445927106859	1997.8985407289315	295.2478015230746	963.7829984089298	0.5226042979503642	9.69677838323763	0.33607945886476137	0.19839855461645722	0.23977374389624778	0.22574824262253373	0.022170575005019646	6.710348312505171E-5	6.710348312505164E-5	-20339.881460917364	0.0	-233.4735952968431
30300	-20590.506226345813	-248.00107671443706	-20342.505149631375	11.068375266163471	1998.3346247338366	279.6381180563209	963.7829984089298	0.5226042979503642	11.9388148580083	0.33607945886476137	0.19839855461645722	0.23977374389624778	0.22574824262253373	0.022170575005019646	6.966090970465688E-5	6.966090970465679E-5	-20342.505149631375	0.0	-233.08446224218338
30400	-20588.163251107766	-249.13403165378932	-20339.029219453976	11.11106358488587	1998.2919364151142	282.113255734673	1004.3609456636513	0.5538265008329228	11.9388148580083	0.33607945886476137	0.19839855461645722	0.23977374389624778	0.22574824262253373	0.022170575005019646	6.812742657450064E-5	6.812742657450058E-5	-20339.029219453976	0.0	-234.15112373247777
30500	-20588.326714661176	-250.037214072574	-20338.289500588602	11.38832942229092	1998.014670577709	283.3127480651137	822.7313434844118	0.5538265008329228	11.9388148580083	0.33607945886476137	0.19839855461645722	0.23977374389624778	0.22574824262253373	0.022170575005019646	6.812742657450064E-5	6.812742657450062E-5	-20338.289500588602	0.0	-235.43725298854525
30600	-20592.80504774239	-252.4252593087508	-20340.379788433638	12.042030299685436	1997.3609697003146	278.3299337024513	1211.0654779124927	0.5538265008329228	10.340504069184966	0.33607945886476137	0.19839855461645722	0.23977374389624778	0.22574824262253373	0.022170575005019646	6.812742657450064E-5	6.812742657450056E-5	-20340.379788433638	0.0	-237.31542651797164
30700	-20591.31435622248	-253.2441791864115	-20338.07017703607	12.766190807052208	1996.6368091929478	302.71344683341925	1211.0654779124927	0.5538265008329228	10.340504069184966	0.33607945886476137	0.19839855461645722	0.23977374389624778	0.22574824262253373	0.022170575005019646	6.547242994271428E-5	6.547242994271427E-5	-20338.07017703607	0.0	-238.1953539882198
30800	-20589.116175076648	-252.3997361956346	-20336.716438881012	12.292633590230203	1997.1103664097698	288.4155194595356	1253.570657965325	0.5692973510872759	11.499294518706726	0.33607945886476137	0.19839855461645722	0.23977374389624778	0.22574824262253373	0.022170575005019646	6.799466746607846E-5	6.799466746607851E-5	-20336.716438881012	0.0	-237.03025467613713
30900	-20590.13386616182	-253.0577906852728	-20337.076075476547	12.664286535556496	1996.7387134644434	291.20366076427507	1253.570657965325	0.5692973510872759	11.499294518706726	0.33607945886476137	0.19839855461645722	0.23977374389624778	0.22574824262253373	0.022170575005019646	6.599925948479975E-5	6.599925948479979E-5	-20337.076075476547	0.0	-237.70840387302428
31000	-20585.486636202022	-253.67970299031424	-20331.80693321171	12.257076669923094	1997.145923330077	292.2868801651177	1219.548619601803	0.5692973510872759	11.499294518706726	0.33607945886476137	0.19839855461645722	0.23977374389624778	0.22574824262253373	0.022170575005019646	6.599925948479975E-5	6.599925948479975E-5	-20331.80693321171	0.0	-238.39361085813516
31100	-20583.276584297346	-252.17333375173732	-20331.10325054561	12.039390530142615	1997.3636094698575	287.61795934988277	1219.548619601803	0.5670210352434796	11.499294518706726	0.33607945886476137	0.19839855461645722	0.23977374389624778	0.22574824262253373	0.022170575005019646	6.674094569748503E-5	6.674094569748503E-5	-20331.10325054561	0.0	-236.87372028682606
31200	-20589.033502391005	-254.54847601969274	-20334.485026371312	13.334977020104091	1996.0680229798959	292.18234651788316	1219.548619601803	0.5765660800180098	8.140826563780573	0.33607945886476137	0.19839855461645722	0.23977374389624778	0.22574824262253373	0.022170575005019646	7.547360259492013E-5	7.54736025949201E-5	-20334.485026371312	0.0	-239.81834056082403
31300	-20588.129125665786	-257.0543910403297	-20331.074734625457	13.103682302496173	1996.2993176975037	293.5410711907434	1219.548619601803	0.5765660800180098	8.140826563780573	0.33607945886476137	0.19839855461645722	0.23977374389624778	0.22574824262253373	0.022170575005019646	6.151091293932768E-5	6.151091293932773E-5	-20331.074734625457	0.0	-242.43285557600612
31400	-20590.559271708356	-257.00236054939137	-20333.556911158965	13.103682302496173	1996.2993176975037	294.81570482714415	1302.9854256745361	0.5238727470673057	13.963363052977773	0.336463828175543	0.19839855461645722	0.23977374389624778	0.22536387331175214	0.022170575005019646	7.134969904028811E-5	7.134969904028811E-5	-20333.556911158965	0.0	-241.1453355173244
31500	-20590.437237932856	-256.6187991864427	-20333.818438746413	12.05711858749007	1997.34588141251	289.90963884094	1302.9854256745361	0.5238727470673057	13.963363052977773	0.336463828175543	0.20043691682356068	0.23773538168914432	0.22536387331175214	0.022170575005019646	6.607298024666449E-5	6.607298024666447E-5	-20333.818438746413	0.0	-240.7936800153017
31600	-20594.736077210833	-254.17899875100719	-20340.557078459828	12.736531010037263	1996.6664689899628	317.04935750712707	1208.3763056527944	0.5215526290129726	13.963363052977773	0.336463828175543	0.20043691682356068	0.23773538168914432	0.22536387331175214	0.022170575005019646	6.845027999347498E-5	6.845027999347498E-5	-20340.557078459828	0.0	-238.5483403624716
31700	-20594.99660335675	-254.31463877865787	-20340.681964578092	12.2269774551925	1997.1760225448074	315.8714555039529	1208.3763056527944	0.5215526290129726	13.963363052977773	0.336463828175543	0.20043691682356068	0.23773538168914432	0.22536387331175214	0.022170575005019646	6.87660267124703E-5	6.876602671247034E-5	-20340.681964578092	0.0	-238.67979913136122
31800	-20593.067346843334	-255.59374576810748	-20337.473601075228	12.799086898598086	1996.603913101402	311.58736882706984	1208.3763056527944	0.5215526290129726	11.72811698012617	0.336588392902878	0.18913515085675367	0.24098743902190137	0.23328901721846707	0.0028265853843005306	6.87660267124703E-5	6.876602671247029E-5	-20337.473601075228	0.0	-240.33847318264694
31900	-20593.553157030674	-255.9267229250603	-20337.626434105612	12.916880149196494	1996.4861198508036	308.8998120729959	1208.3763056527944	0.5215526290129726	11.72811698012617	0.336588392902878	0.18913515085675367	0.24098743902190137	0.23328901721846707	0.0028265853843005306	5.87859886700104E-5	5.878598867001044E-5	-20337.626434105612	0.0	-240.7487897348179
32000	-20599.363941826497	-258.9783040331242	-20340.385637793373	13.84235317209228	1995.5606468279077	308.4088200337053	1189.4132616761547	0.5215526290129726	11.72811698012617	0.336588392902878	0.18913515085675367	0.24098743902190137	0.23328901721846707	0.0028265853843005306	6.508384407480175E-5	6.508384407480169E-5	-20340.385637793373	0.0	-243.7815402729746
32100	-20593.518317472877	-251.8335124630303	-20341.684805009845	12.63501453024665	1996.7679854697533	285.34762872026926	1189.4132616761547	0.5754458975986617	11.72811698012617	0.336588392902878	0.18913515085675367	0.24098743902190137	0.23328901721846707	0.0028265853843005306	6.90957418597768E-5	6.909574185977675E-5	-20341.684805009845	0.0	-236.56779848954352
32200	-20585.312694523356	-250.49387754512443	-20334.818816978233	12.331927086887966	1997.071072913112	276.770372558682	1189.4132616761547	0.5754458975986617	11.72811698012617	0.336588392902878	0.18913515085675367	0.24098743902190137	0.23328901721846707	0.0028265853843005306	7.15290140334445E-5	7.152901403344453E-5	-20334.818816978233	0.0	-235.1955177376325
32300	-20584.563606975124	-249.1093427255904	-20335.454264249533	12.578384629563521	1996.8246153704365	281.97564881278294	1189.4132616761547	0.5754458975986617	11.72811698012617	0.336588392902878	0.18913515085675367	0.24098743902190137	0.23328901721846707	0.0028265853843005306	7.012749344492202E-5	7.012749344492204E-5	-20335.454264249533	0.0	-233.8302161698626
32400	-20588.478835304453	-252.35329827578323	-20336.12553702867	12.890112613199172	1996.512887386801	291.7219256142339	1189.4132616761547	0.5754458975986617	11.72811698012617	0.336588392902878	0.18913515085675367	0.24098743902190137	0.23328901721846707	0.0028265853843005306	6.95830146442587E-5	6.958301464425871E-5	-20336.12553702867	0.0	-237.09453444888675
32500	-20585.82342209288	-251.56469684540517	-20334.258725247473	13.160341819414182	1996.2426581805857	287.1394368363503	1173.013787746767	0.5754458975986617	9.239874613733242	0.336588392902878	0.1896688727371097	0.24045371714154534	0.23328901721846707	0.0028265853843005306	7.150085787781676E-5	7.150085787781673E-5	-20334.258725247473	0.0	-236.75784537292233
32600	-20587.47966543541	-251.1231247087691	-20336.35654072664	13.160341819414182	1996.2426581805857	282.9755232344754	1086.4131993294125	0.5754458975986617	9.239874613733242	0.336588392902878	0.1896688727371097	0.24045371714154534	0.23328901721846707	0.0028265853843005306	7.150085787781676E-5	7.150085787781675E-5	-20336.35654072664	0.0	-236.47248578148844
32700	-20590.672510223158	-253.90566516928885	-20336.76684505387	13.160341819414182	1996.2426581805857	278.83348252483955	1086.4131993294125	0.5754458975986617	9.239874613733242	0.336588392902878	0.1896688727371097	0.24045371714154534	0.23328901721846707	0.0028265853843005306	6.854256788282293E-5	6.854256788282293E-5	-20336.76684505387	0.0	-239.26990168675457
32800	-20587.076178997664	-249.64577149139092	-20337.430407506272	11.80979523253032	1997.5932047674696	266.053434961127	978.5197559824329	0.5754458975986617	9.239874613733242	0.336588392902878	0.1896688727371097	0.24045371714154534	0.23328901721846707	0.0028265853843005306	7.822370925192557E-5	7.82237092519256E-5	-20337.430407506272	0.0	-235.13117536094336
32900	-20588.492629008422	-250.28461285900266	-20338.20801614942	11.336095834136536	1998.0669041658634	255.41716307146174	978.5197559824329	0.5754458975986617	9.239874613733242	0.336588392902878	0.1896688727371097	0.24045371714154534	0.23328901721846707	0.0028265853843005306	8.402506232491057E-5	8.402506232491054E-5	-20338.20801614942	0.0	-235.7131962939416
33000	-20582.273649779796	-251.71273628207572	-20330.56091349772	12.44003521312959	1996.9629647868705	256.8122742281391	978.5197559824329	0.5754458975986617	9.239874613733242	0.336588392902878	0.1896688727371097	0.24045371714154534	0.23328901721846707	0.0028265853843005306	8.402506232491057E-5	8.402506232491056E-5	-20330.56091349772	0.0	-237.1439261054237
33100	-20587.275143989897	-250.89001314086144	-20336.385130849034	11.94550337037855	1997.4574966296216	251.3732737071455	978.5197559824329	0.5735388902452438	9.239874613733242	0.336588392902878	0.1896688727371097	0.24045371714154534	0.23328901721846707	0.0028265853843005306	8.402506232491057E-5	8.402506232491053E-5	-20336.385130849034	0.0	-236.3109758532189
33200	-20589.214882716726	-250.8034307667506	-20338.411451949974	12.926021214578384	1996.4769787854216	244.37386245100012	623.9738899226471	0.5981603484657315	9.239874613733242	0.336588392902878	0.1896688727371097	0.24045371714154534	0.23328901721846707	0.0028265853843005306	8.640319863499576E-5	8.640319863499576E-5	-20338.411451949974	0.0	-237.00010797908408
33300	-20586.206028703455	-247.97619204963348	-20338.22983665382	12.684819148249472	1996.7181808517505	244.4257972508684	733.8804871675226	0.5981603484657315	9.239874613733242	0.336588392902878	0.1896688727371097	0.24045371714154534	0.23328901721846707	0.0028265853843005306	8.804615702522747E-5	8.804615702522746E-5	-20338.22983665382	0.0	-233.8911691702646
33400	-20587.948877302828	-248.3114106228197	-20339.637466680007	12.684819148249472	1996.7181808517505	253.37651237858464	733.8804871675226	0.5981603484657315	9.239874613733242	0.336588392902878	0.1896688727371097	0.24045371714154534	0.23328901721846707	0.0028265853843005306	6.913086748244135E-5	6.913086748244136E-5	-20339.637466680007	0.0	-234.36930468184428
33500	-20586.95646453442	-243.4904627158904	-20343.46600181853	11.9123833091255	1997.4906166908745	232.42901278667998	733.8804871675226	0.6014936792025416	9.239874613733242	0.336588392902878	0.1896688727371097	0.24045371714154534	0.23328901721846707	0.0028265853843005306	7.361352710205427E-5	7.361352710205427E-5	-20343.46600181853	0.0	-229.47417007068725
33600	-20584.92242821199	-243.61320631852388	-20341.309221893465	11.099707121774905	1998.3032928782252	231.6702118499263	694.4604238403695	0.6381593784434145	10.295652542092078	0.336588392902878	0.1896688727371097	0.24045371714154534	0.23328901721846707	0.0028265853843005306	8.926819615475261E-5	8.926819615475253E-5	-20341.309221893465	0.0	-229.39284779091105
33700	-20583.763740289058	-241.61821621096732	-20342.14552407809	11.11833386807306	1998.284666131927	235.49139520176578	694.4604238403695	0.6381593784434145	10.295652542092078	0.3382208959144491	0.1896688727371097	0.23882121412997426	0.23328901721846707	0.0028265853843005306	8.279940399568632E-5	8.279940399568633E-5	-20342.14552407809	0.0	-227.44483188297883
33800	-20582.326493846642	-240.32249502330066	-20342.00399882334	10.767848139568796	1998.6351518604313	230.6478376518862	766.5338743218012	0.6381593784434145	10.295652542092078	0.3382208959144491	0.1896688727371097	0.23882121412997426	0.23328901721846707	0.0123066195112469	8.549446516789087E-5	8.549446516789093E-5	-20342.00399882334	0.0	-225.93280508098292
33900	-20587.54507339666	-241.9292915752116	-20345.61578182145	10.653959893823686	1998.7490401061764	229.630316866209	840.1214749700482	0.6381593784434145	9.83830448929296	0.3382208959144491	0.1896688727371097	0.23571772726681353	0.2363925040816278	0.05496016551249007	8.219115794770204E-5	8.219115794770201E-5	-20345.61578182145	0.0	-227.3909726508404
34000	-20594.723712667328	-247.37230107622582	-20347.351411591102	11.801801883896069	1997.601198116104	253.71186478835983	943.4846030884328	0.6381593784434145	9.83830448929296	0.3382208959144491	0.1896688727371097	0.23571772726681353	0.2363925040816278	0.05496016551249007	7.865002853367701E-5	7.865002853367697E-5	-20347.351411591102	0.0	-232.6855047777817
34100	-20581.781123335048	-241.29300275248332	-20340.488120582566	11.095061113865363	1998.3079388861347	240.1083798884431	781.2402448111854	0.6381593784434145	9.83830448929296	0.3382208959144491	0.1896688727371097	0.23571772726681353	0.2363925040816278	0.05496016551249007	8.36599316931435E-5	8.36599316931435E-5	-20340.488120582566	0.0	-226.89839594840754
34200	-20585.909772659368	-241.467124342298	-20344.442648317072	11.095061113865363	1998.3079388861347	238.88749401415885	781.2402448111854	0.6381593784434145	9.83830448929296	0.3382208959144491	0.1896688727371097	0.23571772726681353	0.2363925040816278	0.05496016551249007	7.716986315522171E-5	7.716986315522173E-5	-20344.442648317072	0.0	-227.11199679507723
34300	-20584.87901684503	-239.3230260958992	-20345.55599074913	10.41547198940675	1998.9875280105932	228.4446041625234	781.2402448111854	0.6505418223866426	9.83830448929296	0.3382208959144491	0.1896688727371097	0.23571772726681353	0.2363925040816278	0.05496016551249007	8.22050454100045E-5	8.220504541000448E-5	-20345.55599074913	0.0	-224.91347702587845
34400	-20585.895874465525	-239.87484268251194	-20346.021031783013	10.41547198940675	1998.9875280105932	229.0633616948921	716.0488914063102	0.6852315853103118	10.613684776229954	0.3382208959144491	0.1896688727371097	0.23571772726681353	0.2363925040816278	0.05496016551249007	8.673709742060117E-5	8.673709742060115E-5	-20346.021031783013	0.0	-225.45046358155307
34500	-20587.069691515113	-235.98260323486232	-20351.087088280252	10.017493020567887	1999.3855069794322	221.06135884673495	716.0488914063102	0.6852315853103118	10.613684776229954	0.3382208959144491	0.1896688727371097	0.23571772726681353	0.2363925040816278	0.05496016551249007	9.018302351415087E-5	9.018302351415098E-5	-20351.087088280252	0.0	-221.52089750619922
34600	-20588.119393135457	-232.9365193034396	-20355.18287383202	9.530270939700584	1999.8727290602994	210.79585119004733	628.7871101237461	0.6974760243413458	14.353838017495594	0.3382208959144491	0.1896688727371097	0.23571772726681353	0.2363925040816278	0.05496016551249007	1.0774336346116377E-4	1.0774336346116384E-4	-20355.18287383202	0.0	-217.9820736170232
34700	-20589.020982462745	-231.76767011383387	-20357.253312348912	9.334281554463185	2000.068718445537	209.7532138534784	628.7871101237461	0.6974760243413458	9.497298007368801	0.3382208959144491	0.1896688727371097	0.23571772726681353	0.2363925040816278	0.04285277906714639	1.0774336346116377E-4	1.0774336346116374E-4	-20357.253312348912	0.0	-217.63334134712568
34800	-20588.298812115147	-232.99728032975767	-20355.30153178539	9.334281554463185	2000.068718445537	203.48071780056662	562.9046104558568	0.6974760243413458	9.497298007368801	0.3382208959144491	0.1896688727371097	0.23571772726681353	0.2363925040816278	0.04285277906714639	1.0774336346116377E-4	1.077433634611637E-4	-20355.30153178539	0.0	-219.02490154875824
34900	-20583.109010331467	-232.81892557732445	-20350.290084754142	8.525979976316572	2000.8770200236834	196.35034769272224	566.6339562889309	0.6974760243413458	9.571060140779778	0.3382208959144491	0.1896688727371097	0.23571772726681353	0.2363925040816278	0.04285277906714639	1.1268415141309649E-4	1.1268415141309645E-4	-20350.290084754142	0.0	-218.78181508144715
35000	-20591.831554056866	-241.31599243642768	-20350.51556162044	10.022472370256288	1999.3805276297437	227.7932561253315	566.6339562889309	0.6674283504341046	9.571060140779778	0.3382208959144491	0.19662286298813658	0.23571772726681353	0.2294385138306009	0.04285277906714639	8.4315007124067E-5	8.431500712406705E-5	-20350.51556162044	0.0	-227.50138500439647
35100	-20588.307014748454	-237.32370129649806	-20350.983313451958	10.022472370256288	1999.3805276297437	222.48436372681883	588.1772140199098	0.6674283504341046	8.64473594233065	0.3382208959144491	0.19288117076932662	0.23571772726681353	0.23318020604941087	0.04285277906714639	8.4315007124067E-5	8.4315007124067E-5	-20350.983313451958	0.0	-223.61941192679203
35200	-20597.774292814098	-237.95366914321153	-20359.820623670887	10.022472370256288	1999.3805276297437	223.8570655290856	716.0386170775705	0.6515561093838865	8.64473594233065	0.3382208959144491	0.19288117076932662	0.23571772726681353	0.23318020604941087	0.04285277906714639	8.4315007124067E-5	8.431500712406697E-5	-20359.820623670887	0.0	-223.92812770827317
35300	-20594.78310503541	-237.97071770644536	-20356.812387328966	10.022472370256288	1999.3805276297437	224.15978185920233	716.0386170775705	0.6515561093838865	8.64473594233065	0.3382208959144491	0.19288117076932662	0.23571772726681353	0.23318020604941087	0.04285277906714639	8.4315007124067E-5	8.431500712406704E-5	-20356.812387328966	0.0	-223.9458264287648
35400	-20590.375458835028	-236.57371984587496	-20353.801738989154	10.022472370256288	1999.3805276297437	226.64065485664142	716.0386170775705	0.6515561093838865	8.64473594233065	0.3382208959144491	0.19288117076932662	0.23571772726681353	0.23318020604941087	0.04285277906714639	9.107828963892942E-5	9.107828963892943E-5	-20353.801738989154	0.0	-222.51401007996944
35500	-20592.999315879577	-237.57535610270304	-20355.423959776876	10.004767418406331	1999.3982325815937	231.33343509492013	716.0386170775705	0.6515561093838865	8.64473594233065	0.3382208959144491	0.19288117076932662	0.23571772726681353	0.23318020604941087	0.04285277906714639	9.107828963892942E-5	9.107828963892943E-5	-20355.423959776876	0.0	-223.52546610979914
35600	-20588.332382314926	-236.49214618341097	-20351.840236131517	9.866640375514296	1999.5363596244856	228.48446626325207	716.0386170775705	0.6515561093838865	8.64473594233065	0.3382208959144491	0.19288117076932662	0.23571772726681353	0.23318020604941087	0.04285277906714639	9.107828963892942E-5	9.107828963892948E-5	-20351.840236131517	0.0	-222.4363197271909
35700	-20588.199987704014	-235.3155516265737	-20352.884436077442	9.866640375514296	1999.5363596244856	233.47519866425094	716.0386170775705	0.6515561093838865	8.64473594233065	0.3382208959144491	0.19288117076932662	0.23571772726681353	0.23318020604941087	0.04285277906714639	9.107828963892942E-5	9.107828963892939E-5	-20352.884436077442	0.0	-221.2700744375905
35800	-20583.110039214203	-234.9784108229208	-20348.131628391282	9.6959459639854	1999.7070540360146	232.63985122500935	716.0386170775705	0.6515561093838865	10.188073794109588	0.3382208959144491	0.19288117076932662	0.23571772726681353	0.23318020604941087	0.03145709416241355	8.98642294567076E-5	8.986422945670753E-5	-20348.131628391282	0.0	-220.6664677037304
35900	-20584.574114261053	-236.25653072390057	-20348.31758353715	9.491812602507935	1999.911187397492	228.17334273123353	741.6592142611204	0.6515561093838865	10.188073794109588	0.3382208959144491	0.19288117076932662	0.23571772726681353	0.23318020604941087	0.03145709416241355	8.98642294567076E-5	8.986422945670759E-5	-20348.31758353715	0.0	-221.87455481510165
36000	-20588.347789952975	-235.61310519959514	-20352.73468475338	9.740852385224152	1999.662147614776	227.0087570593529	569.5402055829269	0.605521533799267	10.05436609630478	0.3382208959144491	0.19288117076932662	0.23571772726681353	0.23318020604941087	0.03145709416241355	8.98642294567076E-5	8.986422945670759E-5	-20352.73468475338	0.0	-221.68937698193784
36100	-20590.623401360874	-238.46208565851938	-20352.161315702353	10.811052950040729	1998.5919470499593	223.7122116764156	569.5402055829269	0.7018792029037103	10.05436609630478	0.3382208959144491	0.19288117076932662	0.23571772726681353	0.23318020604941087	0.03145709416241355	9.316117788291478E-5	9.316117788291483E-5	-20352.161315702353	0.0	-224.51162290983777
36200	-20582.015043698477	-230.04563218570374	-20351.96941151277	9.558044906724689	1999.8449550932753	199.51788483601194	614.447238960801	0.7018792029037103	10.05436609630478	0.3382208959144491	0.19288117076932662	0.2403133013014981	0.22858463201472629	0.04369117122707564	1.0270052583235113E-4	1.027005258323511E-4	-20351.96941151277	0.0	-215.84435579572494
36300	-20578.157126986447	-230.97829904200108	-20347.178827944444	9.558044906724689	1999.8449550932753	196.25837653117622	592.7736813785389	0.6982748864638049	10.05436609630478	0.3382208959144491	0.19288117076932662	0.2403133013014981	0.22858463201472629	0.04369117122707564	1.0270052583235113E-4	1.0270052583235119E-4	-20347.178827944444	0.0	-216.82670556399242
36400	-20577.637020922673	-230.3909963382622	-20347.246024584412	9.305034877375958	2000.0979651226241	195.7235979468104	592.7736813785389	0.7822394590075682	10.05436609630478	0.3382208959144491	0.19288117076932662	0.2403133013014981	0.22858463201472629	0.04369117122707564	1.0270052583235113E-4	1.0270052583235112E-4	-20347.246024584412	0.0	-216.23725384190593
36500	-20575.671856927893	-231.71451961308915	-20343.957337314805	9.305034877375958	2000.0979651226241	198.58756892839068	592.7736813785389	0.6974530774328422	15.857151747335521	0.3382208959144491	0.19288117076932662	0.2403133013014981	0.22858463201472629	0.04369117122707564	9.271565875529723E-5	9.271565875529728E-5	-20343.957337314805	0.0	-216.7182712357415
36600	-20585.812851645285	-237.36637752341193	-20348.446474121873	9.96091470497648	1999.4420852950236	213.16232922557276	437.0545519677702	0.6974530774328422	15.857151747335521	0.3382208959144491	0.19288117076932662	0.2403133013014981	0.22858463201472629	0.04369117122707564	9.928581212612462E-5	9.92858121261246E-5	-20348.446474121873	0.0	-222.82872562045958
36700	-20578.718045531445	-227.79935610887077	-20350.918689422575	9.060747619306635	2000.3422523806935	193.51477050902002	437.0545519677702	0.6974530774328422	15.857151747335521	0.3382208959144491	0.19288117076932662	0.2403133013014981	0.22858463201472629	0.04369117122707564	9.993891797759153E-5	9.993891797759153E-5	-20350.918689422575	0.0	-213.2119002247425
36800	-20573.98561443973	-228.23391627920958	-20345.751698160522	9.060747619306635	2000.3422523806935	188.42388547439026	437.0545519677702	0.6974530774328422	15.857151747335521	0.3342210881301256	0.19288117076932662	0.24431310908582163	0.22858463201472629	0.04369117122707564	9.993891797759153E-5	9.99389179775916E-5	-20345.751698160522	0.0	-213.63363931853291
36900	-20578.77550397178	-228.08684049336574	-20350.688663478417	8.933484361382465	2000.4695156386176	190.28363296112997	437.0545519677702	0.6974530774328422	17.911187028322434	0.3342210881301256	0.19288117076932662	0.24431310908582163	0.22858463201472629	0.04369117122707564	1.0939185071746636E-4	1.093918507174664E-4	-20350.688663478417	0.0	-213.1802653433352
37000	-20579.78021408758	-227.92841644186376	-20351.851797645715	8.808455678554918	2000.594544321445	193.45779029014068	437.0545519677702	0.6974530774328422	17.911187028322434	0.3342210881301256	0.19288117076932662	0.24431310908582163	0.22858463201472629	0.04369117122707564	1.0219736680177215E-4	1.0219736680177217E-4	-20351.851797645715	0.0	-213.06517292923448
37100	-20586.22711572222	-228.41842053523948	-20357.80869518698	9.194226699453743	2000.2087733005462	199.13660519417962	437.0545519677702	0.6974530774328422	17.161963951620926	0.3342210881301256	0.19288117076932662	0.24431310908582163	0.22858463201472629	0.04369117122707564	9.842592300984165E-5	9.842592300984162E-5	-20357.80869518698	0.0	-213.6823211281033
37200	-20585.99682128534	-227.64196815904546	-20358.354853126293	9.194226699453743	2000.2087733005462	196.1575815972268	396.4370579029347	0.6974530774328422	17.161963951620926	0.3342210881301256	0.19288117076932662	0.24431310908582163	0.22858463201472629	0.04369117122707564	9.842592300984165E-5	9.842592300984159E-5	-20358.354853126293	0.0	-213.03668629258158
37300	-20584.754625236237	-229.3894400080647	-20355.365185228173	9.194226699453743	2000.2087733005462	192.75657017457777	484.64003259260807	0.6974530774328422	17.161963951620926	0.3342210881301256	0.19288117076932662	0.24431310908582163	0.22858463201472629	0.04369117122707564	9.842592300984165E-5	9.842592300984166E-5	-20355.365185228173	0.0	-214.48685656063105
37400	-20581.864721882503	-228.17920790375072	-20353.68551397875	9.028039253606428	2000.3749607463935	193.15999272492053	484.64003259260807	0.7599266419020035	17.161963951620926	0.3342210881301256	0.19288117076932662	0.24431310908582163	0.22858463201472629	0.04369117122707564	9.842592300984165E-5	9.842592300984166E-5	-20353.68551397875	0.0	-213.27700537592077
37500	-20581.309887491512	-227.7059966203872	-20353.603890871123	8.992300226455868	2000.4106997735441	191.94546573705475	484.64003259260807	0.7599266419020035	17.161963951620926	0.33579919291719057	0.19288117076932662	0.24431310908582163	0.22700652722766132	0.04369117122707564	9.88171073171025E-5	9.881710731710248E-5	-20353.603890871123	0.0	-212.7987015222222
37600	-20580.410790662056	-230.33188133845215	-20350.0789093236	9.442913724641322	1999.9600862753587	200.9852935547148	484.64003259260807	0.7599266419020035	12.736005119170926	0.33579919291719057	0.19288117076932662	0.24431310908582163	0.22700652722766132	0.029300157563596836	9.410157949304432E-5	9.410157949304426E-5	-20350.0789093236	0.0	-216.12242451545262
37700	-20574.36736213565	-227.79245190445914	-20346.57491023119	8.386987843542364	2001.0160121564577	200.4933309571808	711.8147429326872	0.7930887965178954	12.736005119170926	0.33579919291719057	0.19288117076932662	0.24431310908582163	0.22700652722766132	0.029300157563596836	9.410157949304432E-5	9.410157949304423E-5	-20346.57491023119	0.0	-212.970282807359
37800	-20579.94219637876	-227.43758867026838	-20352.50460770849	8.386987843542364	2001.0160121564577	200.64247419622194	711.8147429326872	0.7930887965178954	12.736005119170926	0.33579919291719057	0.19288117076932662	0.24431310908582163	0.22700652722766132	0.029300157563596836	1.1221027821431248E-4	1.1221027821431247E-4	-20352.50460770849	0.0	-212.5241440851302
37900	-20579.9720201507	-227.2870587687891	-20352.68496138191	8.386987843542364	2001.0160121564577	197.50735249540384	630.633878052341	0.7930887965178954	12.736005119170926	0.33579919291719057	0.19288117076932662	0.24431310908582163	0.22700652722766132	0.029300157563596836	1.1221027821431248E-4	1.1221027821431256E-4	-20352.68496138191	0.0	-212.5682435763427
38000	-20573.055541128928	-231.34713585548442	-20341.708405273443	8.276872592053058	2001.126127407947	193.75926294331683	630.633878052341	0.808871724155515	12.736005119170926	0.33579919291719057	0.19288117076932662	0.24431310908582163	0.22700652722766132	0.029300157563596836	9.612538663750406E-5	9.612538663750407E-5	-20341.708405273443	0.0	-216.6994809093615
38100	-20571.96022050361	-229.88216262201556	-20342.078057881594	7.782517604536338	2001.6204823954636	182.67331252448616	630.633878052341	0.8040211153977352	12.736005119170926	0.33579919291719057	0.19288117076932662	0.24431310908582163	0.22700652722766132	0.029300157563596836	1.0223138815602607E-4	1.0223138815602606E-4	-20342.078057881594	0.0	-215.17425521914916
38200	-20574.36692475486	-231.20025091578063	-20343.16667383908	8.002455916834547	2001.4005440831654	184.6820465267557	614.312258602577	0.8040211153977352	12.736005119170926	0.33579919291719057	0.19288117076932662	0.24431310908582163	0.22700652722766132	0.029300157563596836	1.0223138815602607E-4	1.022313881560261E-4	-20343.16667383908	0.0	-216.5401238099106
38300	-20572.40704833569	-229.18282629613302	-20343.22422203956	8.002455916834547	2001.4005440831654	191.55729561906634	614.312258602577	0.8040211153977352	12.736005119170926	0.33579919291719057	0.19288117076932662	0.24431310908582163	0.22700652722766132	0.029300157563596836	1.0223138815602607E-4	1.0223138815602611E-4	-20343.22422203956	0.0	-214.5402719633305
38400	-20570.259421611365	-229.47028355701514	-20340.78913805435	8.002455916834547	2001.4005440831654	192.35015000791438	614.312258602577	0.8040211153977352	12.736005119170926	0.33579919291719057	0.19288117076932662	0.24431310908582163	0.22700652722766132	0.029300157563596836	1.0223138815602607E-4	1.0223138815602608E-4	-20340.78913805435	0.0	-214.82971339528945
38500	-20568.408266588536	-228.40371125564144	-20340.004555332896	8.002455916834547	2001.4005440831654	195.04742873762203	525.6562289984984	0.8040211153977352	12.736005119170926	0.33579919291719057	0.19288117076932662	0.24431310908582163	0.22700652722766132	0.029300157563596836	1.0223138815602607E-4	1.0223138815602608E-4	-20340.004555332896	0.0	-214.01418411449063
38600	-20568.883873302184	-230.251168238219	-20338.632705063967	8.813352192560343	2000.5896478074396	195.8998991677078	793.1442962345403	0.8040211153977352	12.736005119170926	0.33579919291719057	0.19288117076932662	0.24431310908582163	0.22700652722766132	0.029300157563596836	1.0223138815602607E-4	1.0223138815602615E-4	-20338.632705063967	0.0	-215.18530004129107
38700	-20573.40001158291	-233.51203752301112	-20339.8879740599	9.457562763468493	1999.9454372365315	209.95522541853006	793.1442962345403	0.8040211153977352	12.736005119170926	0.33579919291719057	0.19288117076932662	0.24431310908582163	0.22700652722766132	0.029300157563596836	9.526780329004807E-5	9.526780329004815E-5	-20339.8879740599	0.0	-218.51611313818114
38800	-20568.282208037726	-228.61592891976386	-20339.666279117962	8.734260409962356	2000.6687395900376	194.3155863807397	532.4330248196594	0.7577348369187916	12.736005119170926	0.33579919291719057	0.19288117076932662	0.24431310908582163	0.22700652722766132	0.029300157563596836	1.0315712912861079E-4	1.0315712912861085E-4	-20339.666279117962	0.0	-214.20079902501882
38900	-20572.338242466838	-228.22139820492214	-20344.116844261916	8.825843630916719	2000.5771563690832	202.37638477978692	532.4330248196594	0.7577348369187916	12.736005119170926	0.33579919291719057	0.19288117076932662	0.24431310908582163	0.22700652722766132	0.029300157563596836	1.0315712912861079E-4	1.0315712912861077E-4	-20344.116844261916	0.0	-213.82575962302116
39000	-20568.928998723903	-227.41824625343864	-20341.510752470465	8.68953131512643	2000.7134686848735	201.9086113556821	506.84241359021945	0.7577348369187916	13.077183155022535	0.33579919291719057	0.19288117076932662	0.24431310908582163	0.22700652722766132	0.009813402113603653	1.0315712912861079E-4	1.0315712912861084E-4	-20341.510752470465	0.0	-213.08248089917197
39100	-20567.51367466701	-227.1831639951362	-20340.330510671873	8.619692989574025	2000.783307010426	201.62824743797168	637.2655957493729	0.7577348369187916	13.077183155022535	0.33579919291719057	0.19288117076932662	0.24431310908582163	0.22700652722766132	0.005706159741172495	1.0572580969275584E-4	1.0572580969275576E-4	-20340.330510671873	0.0	-212.4829509383713
39200	-20570.96017280649	-227.6661427021152	-20343.294030104378	8.619692989574025	2000.783307010426	203.02146964735692	637.2655957493729	0.7527247793430959	13.077183155022535	0.33579919291719057	0.19288117076932662	0.24431310908582163	0.22700652722766132	0.005706159741172495	1.0572580969275584E-4	1.0572580969275583E-4	-20343.294030104378	0.0	-212.96927549268858
39300	-20572.05668444194	-226.96448657541725	-20345.092197866525	8.619692989574025	2000.783307010426	201.0955865344288	637.2655957493729	0.737463417833045	13.077183155022535	0.33579919291719057	0.19288117076932662	0.24431310908582163	0.22700652722766132	0.0100992584685154	1.0445136460143905E-4	1.0445136460143905E-4	-20345.092197866525	0.0	-212.26074373494112
39400	-20574.135009083675	-228.269856303166	-20345.86515278051	8.619692989574025	2000.783307010426	203.49600952251163	610.3980218359472	0.7323878386126901	13.077183155022535	0.33579919291719057	0.19288117076932662	0.24431310908582163	0.22700652722766132	0.012992621465805007	1.0445136460143905E-4	1.0445136460143908E-4	-20345.86515278051	0.0	-213.63595956371753
39500	-20572.67802572623	-225.76327834503715	-20346.914747381194	8.088336796453474	2001.3146632035466	201.24809556643282	472.2301787970683	0.7231764196303716	10.536879586912908	0.33579919291719057	0.19288117076932662	0.24431310908582163	0.22700652722766132	0.0535290614360448	1.0445136460143905E-4	1.044513646014391E-4	-20346.914747381194	0.0	-211.85584127995628
39600	-20568.255040946373	-225.02480917557568	-20343.230231770798	7.829664023097443	2001.5733359769026	193.37056852472662	494.8427054714637	0.7231764196303716	10.536879586912908	0.33579919291719057	0.19288117076932662	0.24431310908582163	0.22700652722766132	0.0535290614360448	1.0790217987046863E-4	1.0790217987046866E-4	-20343.230231770798	0.0	-211.0119716862421
39700	-20572.45724627581	-227.0998965767518	-20345.35734969906	7.980576382819525	2001.4224236171806	196.6797882849662	494.8427054714637	0.7928819895969581	10.536879586912908	0.33579919291719057	0.19288117076932662	0.24431310908582163	0.22700652722766132	0.05917703605984446	1.1120157885456409E-4	1.1120157885456403E-4	-20345.35734969906	0.0	-213.06748461968013
39800	-20564.314681576	-223.60359400672874	-20340.71108756927	6.967881246547414	2002.4351187534526	187.7585514193628	494.8427054714637	0.8222239424226365	10.536879586912908	0.33579919291719057	0.19288117076932662	0.24431310908582163	0.22700652722766132	0.10777809978151792	1.1585304505647512E-4	1.1585304505647517E-4	-20340.71108756927	0.0	-209.4301061634485
39900	-20564.649815107052	-218.76884786012448	-20345.88096724693	6.2600437730707315	2003.1429562269293	166.4478809982653	494.8427054714637	0.8668454397628778	10.536879586912908	0.33579919291719057	0.19288117076932662	0.24643858192270568	0.22488105439077727	0.10777809978151792	1.289528139526804E-4	1.2895281395268045E-4	-20345.88096724693	0.0	-204.4814029680601
40000	-20565.536596309066	-220.45572090106285	-20345.080875408003	6.4939993671516305	2002.9090006328483	166.4122167811783	420.12055081931027	0.8668454397628778	10.536879586912908	0.33579919291719057	0.19288117076932662	0.24643858192270568	0.22488105439077727	0.10777809978151792	1.289528139526804E-4	1.2895281395268042E-4	-20345.080875408003	0.0	-206.40643016912867
40100	-20565.262464077794	-220.4398180194534	-20344.82264605834	7.268420686547932	2002.1345793134522	168.10190710523557	451.0471026612748	0.8668454397628778	10.536879586912908	0.33893221842906246	0.18974814525745476	0.24643858192270568	0.22488105439077727	0.16511123900872818	1.2810537738599774E-4	1.281053773859978E-4	-20344.82264605834	0.0	-206.18224787881917
40200	-20562.62827592504	-218.73651445467846	-20343.89176147036	7.191676190480338	2002.2113238095196	165.242529901935	451.0471026612748	0.8668454397628778	10.536879586912908	0.33893221842906246	0.18974814525745476	0.24643858192270568	0.22488105439077727	0.16511123900872818	1.1913715021318015E-4	1.1913715021318016E-4	-20343.89176147036	0.0	-204.50850340881377
40300	-20563.058887152398	-217.67404845213431	-20345.38483870026	7.191676190480338	2002.2113238095196	164.8671984747475	451.0471026612748	0.893966447729632	10.536879586912908	0.3377385776472615	0.19094178603925574	0.24643858192270568	0.22488105439077727	0.16511123900872818	1.2364847484342187E-4	1.236484748434219E-4	-20345.38483870026	0.0	-203.42534649868318
40400	-20564.153560659084	-218.1633022945896	-20345.990258364494	7.170179133823827	2002.232820866176	162.9762118243788	325.6775262206762	0.8936846245431478	10.536879586912908	0.3377385776472615	0.19094178603925574	0.24643858192270568	0.22488105439077727	0.16511123900872818	1.2401918779488238E-4	1.2401918779488233E-4	-20345.990258364494	0.0	-204.35821969999762
40500	-20560.933174674403	-214.00826895329286	-20346.92490572111	6.979922130236989	2002.4230778697631	155.88578275329766	306.76335864915956	0.8984502755530175	10.536879586912908	0.3377385776472615	0.19094178603925574	0.24643858192270568	0.22488105439077727	0.16511123900872818	1.3394352266223595E-4	1.33943522662236E-4	-20346.92490572111	0.0	-200.22042509318956
40600	-20557.6061592889	-215.37707081751114	-20342.229088471388	6.979922130236989	2002.4230778697631	155.92742020161825	306.76335864915956	0.8984502755530175	10.536879586912908	0.3377385776472615	0.19094178603925574	0.24643858192270568	0.22488105439077727	0.2168292614709476	1.1420413696675388E-4	1.1420413696675398E-4	-20342.229088471388	0.0	-201.56871213833426
40700	-20556.93273893392	-213.90799555026797	-20343.024743383652	6.979922130236989	2002.4230778697631	154.7133678834291	386.59204948282587	0.9730731413261964	10.536879586912908	0.3377385776472615	0.19094178603925574	0.24643858192270568	0.22488105439077727	0.2168292614709476	1.3129465002838234E-4	1.3129465002838236E-4	-20343.024743383652	0.0	-199.71185789897768
40800	-20563.424468802383	-220.7704875194513	-20342.653981282932	8.024808810578614	2001.3781911894214	178.51916375948218	386.59204948282587	0.7862468341253102	10.090774006926159	0.3377385776472615	0.19094178603925574	0.24643858192270568	0.22488105439077727	0.2168292614709476	1.1419916099518254E-4	1.1419916099518261E-4	-20342.653981282932	0.0	-206.79762812165464
40900	-20563.100295974284	-220.79605112161767	-20342.304244852665	6.500119189630201	2002.9028808103699	172.9874605771909	386.59204948282587	0.7655274496972445	10.090774006926159	0.3377385776472615	0.19094178603925574	0.24643858192270568	0.22488105439077727	0.2168292614709476	1.068341112275294E-4	1.0683411122752938E-4	-20342.304244852665	0.0	-206.84289961255868
41000	-20563.564511637003	-221.16810942814791	-20342.396402208855	6.319398330359957	2003.08360166964	170.75403836833613	386.59204948282587	0.7655274496972445	10.090774006926159	0.3386287656057292	0.19094178603925574	0.24643858192270568	0.22399086643230962	0.2168292614709476	1.0988933126131894E-4	1.0988933126131897E-4	-20342.396402208855	0.0	-207.19407909781384
41100	-20563.08031657259	-224.6847184737391	-20338.39559809885	6.862252431896598	2002.5407475681034	184.96016468097446	355.06252997734987	0.752421707487535	9.896325743975611	0.3386287656057292	0.19094178603925574	0.24643858192270568	0.22399086643230962	0.2168292614709476	1.0119628553291538E-4	1.0119628553291544E-4	-20338.39559809885	0.0	-210.94422113030288
41200	-20566.76498874032	-225.6108949580789	-20341.154093782243	7.304999010333806	2002.0980009896662	198.94195249876086	491.42776865356956	0.752421707487535	9.896325743975611	0.3386287656057292	0.19094178603925574	0.24643858192270568	0.22399086643230962	0.043036425020118216	9.503422129308608E-5	9.50342212930861E-5	-20341.154093782243	0.0	-211.82458181072366
41300	-20566.641482090752	-225.7499780818133	-20340.891504008938	7.887244960116599	2001.5157550398835	197.9099305887488	553.2689273196901	0.752421707487535	9.896325743975611	0.3386287656057292	0.19307144103977275	0.24430892692218867	0.22399086643230962	0.043036425020118216	9.503422129308608E-5	9.503422129308605E-5	-20340.891504008938	0.0	-211.78091063316896
41400	-20566.110845759955	-226.000138508612	-20340.110707251344	7.845742500556271	2001.5572574994437	198.05146943974358	553.2689273196901	0.752421707487535	9.896325743975611	0.3386287656057292	0.19307144103977275	0.24430892692218867	0.22399086643230962	0.043036425020118216	9.553693393319426E-5	9.553693393319425E-5	-20340.110707251344	0.0	-212.02867756985324
41500	-20568.53533137847	-224.23402734724655	-20344.30130403122	7.259801940719746	2002.1431980592802	181.89336491431024	587.614903060339	0.7913785530542861	9.896325743975611	0.33674698216607707	0.19495322447942484	0.24430892692218867	0.22399086643230962	0.15726317412824584	1.0714995768266971E-4	1.0714995768266971E-4	-20344.30130403122	0.0	-209.8387299670232
41600	-20564.30832050703	-224.34500587969617	-20339.963314627334	7.402482381040074	2002.00051761896	181.26423354500642	450.0132616609787	0.7992731730827038	9.896325743975611	0.3264229956875979	0.19495322447942484	0.24430892692218867	0.23431485291078877	0.15726317412824584	1.0714995768266971E-4	1.0714995768266975E-4	-20339.963314627334	0.0	-210.35209417132853
41700	-20565.599611646987	-224.50817855784706	-20341.09143308914	7.402482381040074	2002.00051761896	182.20126051396826	404.30876132837705	0.7992731730827038	9.896325743975611	0.3264229956875979	0.19495322447942484	0.24430892692218867	0.23431485291078877	0.15726317412824584	1.0714995768266971E-4	1.0714995768266977E-4	-20341.09143308914	0.0	-210.67044009639014
41800	-20570.594534970183	-225.5305873909416	-20345.06394757924	7.402482381040074	2002.00051761896	181.4043584299597	369.376030590979	0.7317596166231034	9.896325743975611	0.3264229956875979	0.19495322447942484	0.24430892692218867	0.23431485291078877	0.15726317412824584	1.0663177519006966E-4	1.0663177519006968E-4	-20345.06394757924	0.0	-211.8191417101718
41900	-20567.134297249548	-225.61713194177753	-20341.51716530777	7.49187076816313	2001.9111292318369	180.40791702248907	349.81426775009743	0.6701070185186192	9.896325743975611	0.3264229956875979	0.19495322447942484	0.24430892692218867	0.23431485291078877	0.15726317412824584	1.0962604715548372E-4	1.0962604715548374E-4	-20341.51716530777	0.0	-211.96318826303732
42000	-20565.74912193746	-224.47292964294672	-20341.276192294514	7.49187076816313	2001.9111292318369	179.79114582984477	313.81143041918267	0.7518609149696643	9.896325743975611	0.3264229956875979	0.19495322447942484	0.24430892692218867	0.23431485291078877	0.15726317412824584	1.0695773218551548E-4	1.0695773218551534E-4	-20341.276192294514	0.0	-210.97382841888026
42100	-20566.818764386364	-223.78814920013343	-20343.03061518623	7.833736747462427	2001.5692632525377	181.56924044291983	438.7452976822613	0.7518609149696643	9.896325743975611	0.3264229956875979	0.19495322447942484	0.24430892692218867	0.23431485291078877	0.15726317412824584	1.0695773218551548E-4	1.0695773218551544E-4	-20343.03061518623	0.0	-209.83405286024697
42200	-20569.067052153372	-225.24925700318158	-20343.81779515019	8.24816193867404	2001.154838061326	190.41636453057424	438.7452976822613	0.7518609149696643	9.896325743975611	0.3264229956875979	0.19495322447942484	0.24863263027709992	0.22999114955587752	0.15726317412824584	1.0158368898145244E-4	1.0158368898145246E-4	-20343.81779515019	0.0	-211.34480107334048
42300	-20567.571105874555	-225.01660906819222	-20342.554496806362	8.24816193867404	2001.154838061326	193.75979751441952	438.7452976822613	0.7452087293913551	9.896325743975611	0.3264229956875979	0.19495322447942484	0.24863263027709992	0.22999114955587752	0.15726317412824584	1.0158368898145244E-4	1.0158368898145246E-4	-20342.554496806362	0.0	-211.12058310592184
42400	-20567.232002853554	-226.44382750261707	-20340.788175350935	8.0711812735683	2001.3318187264317	191.83845405081274	447.4261618015467	0.7639409722262482	9.896325743975611	0.3264229956875979	0.19495322447942484	0.24863263027709992	0.22999114955587752	0.15726317412824584	1.0158368898145244E-4	1.0158368898145246E-4	-20340.788175350935	0.0	-212.51457285704134
42500	-20568.58083604054	-224.704578790772	-20343.876257249765	7.759340002875695	2001.6436599971244	180.66584728799225	451.68591361359086	0.7639409722262482	9.896325743975611	0.3264229956875979	0.19495322447942484	0.24863263027709992	0.22999114955587752	0.15726317412824584	1.0061567464431002E-4	1.0061567464430997E-4	-20343.876257249765	0.0	-210.7376934104827
42600	-20575.52344635891	-226.06170271151285	-20349.4617436474	7.759340002875695	2001.6436599971244	175.56303107896508	451.68591361359086	0.8117944995466224	9.896325743975611	0.3264229956875979	0.19495322447942484	0.24863263027709992	0.22999114955587752	0.15726317412824584	9.758567888014898E-5	9.758567888014899E-5	-20349.4617436474	0.0	-212.09634730431293
42700	-20576.07186241497	-225.31563917179972	-20350.75622324317	8.671837710739773	2000.7311622892603	174.0653826932214	451.68591361359086	0.8117944995466224	9.896325743975611	0.3264229956875979	0.19495322447942484	0.24863263027709992	0.22999114955587752	0.0971198405465564	1.1682854019966947E-4	1.1682854019966957E-4	-20350.75622324317	0.0	-211.373095174609
42800	-20577.9337602892	-227.1525844376492	-20350.781175851553	8.671837710739773	2000.7311622892603	170.95342077216202	465.4309596454468	0.8497144373190619	9.896325743975611	0.3264229956875979	0.19495322447942484	0.24863263027709992	0.22999114955587752	0.0971198405465564	1.1664657035523789E-4	1.166465703552379E-4	-20350.781175851553	0.0	-213.15812359654063
42900	-20568.74110623065	-219.90942792295075	-20348.8316783077	8.001945802959675	2001.4010541970404	158.94123674148636	292.9689039840914	0.8497144373190619	9.896325743975611	0.3264229956875979	0.19495322447942484	0.24863263027709992	0.22999114955587752	0.0971198405465564	1.2641176940499574E-4	1.2641176940499574E-4	-20348.8316783077	0.0	-206.47308634240596
43000	-20561.970078363232	-215.02702091048684	-20346.943057452747	7.220735338987727	2002.1822646610124	144.00207655049726	405.18497724967875	0.9528702557285559	9.896325743975611	0.3264229956875979	0.19495322447942484	0.24863263027709992	0.22999114955587752	0.0971198405465564	1.289733947058475E-4	1.289733947058473E-4	-20346.943057452747	0.0	-201.0956141666557
43100	-20560.750041371975	-212.25165444228287	-20348.498386929692	6.546148599745912	2002.856851400254	136.39458550146122	307.7831343973854	0.9730988420237514	9.896325743975611	0.3264229956875979	0.19495322447942484	0.24863263027709992	0.22999114955587752	0.0971198405465564	1.3406179086762743E-4	1.3406179086762732E-4	-20348.498386929692	0.0	-198.64592253728298
43200	-20560.49999591709	-211.99240137001632	-20348.507594547074	6.546148599745912	2002.856851400254	135.49873242993527	307.7831343973854	0.9731191748039263	12.116736959961454	0.3264229956875979	0.19495322447942484	0.24863263027709992	0.22999114955587752	0.0971198405465564	1.3406179086762743E-4	1.3406179086762753E-4	-20348.507594547074	0.0	-198.0005564584267
43300	-20557.91456005485	-210.76411901844145	-20347.15044103641	6.621388266304296	2002.7816117336956	137.91440198900506	307.7831343973854	0.9731191748039263	12.116736959961454	0.3264229956875979	0.19495322447942484	0.24863263027709992	0.22999114955587752	0.0971198405465564	1.3876011881994141E-4	1.3876011881994133E-4	-20347.15044103641	0.0	-196.76291482722115
43400	-20555.52033429789	-211.15167368126305	-20344.368660616627	6.621388266304296	2002.7816117336956	138.64514700722447	307.7831343973854	0.9731191748039263	12.116736959961454	0.3264184615740516	0.19495322447942484	0.24863716439064626	0.22999114955587752	0.0971198405465564	1.3876011881994141E-4	1.3876011881994136E-4	-20344.368660616627	0.0	-197.15301036799391
43500	-20558.496034423344	-212.64882208003795	-20345.847212343306	6.240334340593838	2003.1626656594062	141.1031409742546	307.7831343973854	0.9442382927002181	12.116736959961454	0.3264184615740516	0.19495322447942484	0.24863716439064626	0.22999114955587752	0.0971198405465564	1.354051548242563E-4	1.354051548242563E-4	-20345.847212343306	0.0	-198.67160419856455
43600	-20560.71545878306	-213.23742324550975	-20347.478035537548	6.240334340593838	2003.1626656594062	142.0374174542331	264.8059059844693	0.9442382927002181	12.116736959961454	0.3264184615740516	0.19495322447942484	0.24863716439064626	0.22999114955587752	0.0971198405465564	1.354051548242563E-4	1.354051548242563E-4	-20347.478035537548	0.0	-199.4566036902178
43700	-20556.431985908945	-214.3500027874875	-20342.081983121458	6.700387194721005	2002.702612805279	148.01999005023757	358.42248881338026	0.9442382927002181	12.116736959961454	0.33970668483564603	0.19495322447942484	0.2353489411290518	0.22999114955587752	0.0971198405465564	1.3430177919898997E-4	1.3430177919899E-4	-20342.081983121458	0.0	-200.1972267585444
43800	-20559.657673754646	-215.6376625738924	-20344.020011180753	6.795548682275546	2002.6074513177246	149.63061445856488	414.2187249974923	0.9442382927002181	14.007901347605294	0.33970668483564603	0.19495322447942484	0.2353489411290518	0.22999114955587752	0.06343541924124844	1.324210838074417E-4	1.3242108380744175E-4	-20344.020011180753	0.0	-201.07395453886227
43900	-20564.35726631629	-221.2496681797885	-20343.1075981365	7.268900399980981	2002.134099600019	158.2188801546999	544.7345681552051	0.980642933131601	14.007901347605294	0.33471892249958307	0.19495322447942484	0.24033670346511476	0.22999114955587752	0.11174916490887984	1.284328224072627E-4	1.284328224072627E-4	-20343.1075981365	0.0	-206.22751122677604
44000	-20564.53096962662	-222.4640833940456	-20342.066886232573	7.280701596818846	2002.1222984031813	164.58749270949482	544.7345681552051	0.8831700906738031	14.007901347605294	0.33471892249958307	0.19495322447942484	0.24033670346511476	0.22999114955587752	0.11174916490887984	1.259155777604488E-4	1.259155777604488E-4	-20342.066886232573	0.0	-207.47212615145284
44100	-20566.11523784718	-219.51875778622016	-20346.59648006096	7.189893519637018	2002.213106480363	158.89620700234434	350.1571071811977	0.8805411837922812	14.007901347605294	0.33471892249958307	0.19495322447942484	0.24033670346511476	0.22999114955587752	0.11174916490887984	1.2173945901490833E-4	1.2173945901490833E-4	-20346.59648006096	0.0	-205.16352797603216
44200	-20564.809289167213	-218.9109967524212	-20345.898292414793	7.127316063056742	2002.2756839369433	156.81350005810404	352.83897903359536	0.9043388804192335	14.007901347605294	0.33471892249958307	0.19495322447942484	0.24033670346511476	0.22999114955587752	0.08060424064072035	1.2173945901490833E-4	1.217394590149083E-4	-20345.898292414793	0.0	-204.60117124735157
44300	-20563.172293541284	-217.8786470792689	-20345.293646462014	6.728776452022642	2002.6742235479774	157.3016248432488	429.0375648837649	0.9043388804192335	14.007901347605294	0.33471892249958307	0.19495322447942484	0.24033670346511476	0.22999114955587752	0.08060424064072035	1.2179624363166692E-4	1.2179624363166699E-4	-20345.293646462014	0.0	-203.29853829006666
44400	-20567.270221347444	-219.94376963343296	-20347.326451714012	6.728776452022642	2002.6742235479774	160.69247688619473	511.4349674600999	0.9043388804192335	14.007901347605294	0.33471892249958307	0.19495322447942484	0.24033670346511476	0.22999114955587752	0.08060424064072035	1.2179624363166692E-4	1.2179624363166695E-4	-20347.326451714012	0.0	-205.11601382573218
44500	-20567.667336768383	-220.19958304631464	-20347.46775372207	6.80125677598592	2002.6017432240142	161.69608920323645	511.4349674600999	0.9043388804192335	14.007901347605294	0.33471892249958307	0.19495322447942484	0.24033670346511476	0.22999114955587752	0.08060424064072035	1.2466949693190618E-4	1.246694969319062E-4	-20347.46775372207	0.0	-205.36269512206567
44600	-20568.761237249055	-217.61625902067743	-20351.144978228378	6.660105431995849	2002.7428945680042	157.89989868696347	511.4349674600999	0.9556405983850772	8.913976276894472	0.33471892249958307	0.19495322447942484	0.24033670346511476	0.22999114955587752	0.08060424064072035	1.0819795173832318E-4	1.0819795173832318E-4	-20351.144978228378	0.0	-203.70183988852037
44700	-20565.799538502088	-218.16546466264705	-20347.63407383944	7.342386711283849	2002.0606132887162	159.45342016873755	511.4349674600999	1.0009035037905785	12.627418727502564	0.33471892249958307	0.19495322447942484	0.24033670346511476	0.22999114955587752	0.08060424064072035	1.0819795173832318E-4	1.0819795173832311E-4	-20347.63407383944	0.0	-203.60356402774246
44800	-20565.100265536228	-222.59456810032236	-20342.505697435907	7.342386711283849	2002.0606132887162	158.40739940887735	735.0154887292618	1.0009035037905785	12.627418727502564	0.33471892249958307	0.19495322447942484	0.24033670346511476	0.22999114955587752	0.08060424064072035	1.2725772489301929E-4	1.272577248930192E-4	-20342.505697435907	0.0	-207.35945566016636
44900	-20560.144807014978	-221.62457983341346	-20338.520227181565	7.499815562960609	2001.9031844370395	164.6733470955789	735.0154887292618	1.0009035037905785	12.627418727502564	0.33471892249958307	0.19495322447942484	0.24033670346511476	0.22999114955587752	0.08060424064072035	1.2458645420259761E-4	1.245864542025976E-4	-20338.520227181565	0.0	-206.41911392970212
45000	-20560.37940628197	-219.3482723554292	-20341.03113392654	7.121231446062248	2002.2817685539378	164.22741989701476	735.0154887292618	1.0009035037905785	12.143400630766372	0.33471892249958307	0.19495322447942484	0.24033670346511476	0.22999114955587752	0.05796163766438011	1.1029435608736311E-4	1.1029435608736313E-4	-20341.03113392654	0.0	-204.32707652158382
45100	-20559.48304083062	-220.69775156892314	-20338.785289261697	7.121231446062248	2002.2817685539378	164.59407187848365	735.0154887292618	1.0009035037905785	12.143400630766372	0.33471892249958307	0.19495322447942484	0.24033670346511476	0.22999114955587752	0.05796163766438011	1.1029435608736311E-4	1.1029435608736314E-4	-20338.785289261697	0.0	-205.67763034460947
45200	-20566.648798100905	-224.23618955230637	-20342.4126085486	7.529280495311666	2001.8737195046883	174.92243269920903	735.0873209106045	0.9786319249435855	12.143400630766372	0.33471892249958307	0.194890204776382	0.2403997231681576	0.22999114955587752	0.05796163766438011	1.0760307149603767E-4	1.0760307149603771E-4	-20342.4126085486	0.0	-209.25823515396658
45300	-20568.600616288593	-224.9613772328544	-20343.639239055738	7.083276108369137	2002.319723891631	172.2635306453139	978.054559613272	0.9786319249435855	12.143400630766372	0.33471892249958307	0.194890204776382	0.2403997231681576	0.22999114955587752	0.02651803594461796	1.0760307149603767E-4	1.0760307149603764E-4	-20343.639239055738	0.0	-209.51067973476646
45400	-20565.381500027717	-224.24243102152505	-20341.139069006193	7.083276108369137	2002.319723891631	167.88939910601138	705.056708856238	0.9786319249435855	12.143400630766372	0.33471892249958307	0.194890204776382	0.2403997231681576	0.22999114955587752	0.020622402311410378	1.1588210197417227E-4	1.158821019741722E-4	-20341.139069006193	0.0	-209.3526412033258
45500	-20560.390196947854	-224.66252780523322	-20335.72766914262	7.383671270176912	2002.0193287298232	170.09105212988322	683.090321021007	0.9935762508643425	12.143400630766372	0.33471892249958307	0.194890204776382	0.2403997231681576	0.22999114955587752	0.05768553586322582	1.1588210197417227E-4	1.1588210197417226E-4	-20335.72766914262	0.0	-209.75830726165393
45600	-20562.31874608488	-224.13101537942535	-20338.187730705453	7.383671270176912	2002.0193287298232	170.9478442819978	683.090321021007	0.9935762508643425	12.143400630766372	0.33471892249958307	0.194890204776382	0.2403997231681576	0.22999114955587752	0.05768553586322582	1.1588210197417227E-4	1.1588210197417222E-4	-20338.187730705453	0.0	-209.2292078546451
45700	-20563.75018891224	-224.5648263418367	-20339.185362570403	7.543819666716243	2001.8591803332838	168.43732172548144	729.767604085207	0.9935762508643425	12.143400630766372	0.33471892249958307	0.194890204776382	0.2403997231681576	0.22999114955587752	0.05768553586322582	1.1019237002542003E-4	1.1019237002542007E-4	-20339.185362570403	0.0	-209.56933330646712
45800	-20564.29676641475	-224.5046208086957	-20339.792145606054	7.543819666716243	2001.8591803332838	169.70826920313715	671.8760213920676	1.0042266225845211	12.143400630766372	0.33471892249958307	0.194890204776382	0.2403997231681576	0.22999114955587752	0.05768553586322582	1.1019237002542003E-4	1.1019237002542007E-4	-20339.792145606054	0.0	-209.65310105100681
45900	-20558.977718776434	-224.29790049737335	-20334.67981827906	7.543819666716243	2001.8591803332838	171.5022416786542	990.9540682110962	1.0042266225845211	12.143400630766372	0.3329642255947613	0.194890204776382	0.24215442007297935	0.22999114955587752	0.0194818625136145	1.1557912524006696E-4	1.15579125240067E-4	-20334.67981827906	0.0	-208.79577662469183
46000	-20558.89980452983	-221.80182520421744	-20337.097979325612	7.611430332171001	2001.791569667829	173.03235812026008	990.9540682110962	1.0408528224621314	12.143400630766372	0.3329642255947613	0.19570314129227948	0.24215442007297935	0.22917821303998004	0.0259921007819387	1.1455246123223507E-4	1.1455246123223513E-4	-20337.097979325612	0.0	-206.295217763721
46100	-20566.532478756442	-223.85681346247188	-20342.67566529397	7.611430332171001	2001.791569667829	171.06073591562534	990.9540682110962	1.0408528224621314	19.83795734965042	0.3329642255947613	0.19570314129227948	0.24215442007297935	0.22917821303998004	0.0259921007819387	1.0861710056757305E-4	1.0861710056757301E-4	-20342.67566529397	0.0	-207.33425212306574
46200	-20566.382534887947	-221.91577875045107	-20344.466756137495	7.109959992449338	2002.2930400075506	172.22791430105917	877.3483364439663	1.0408528224621314	19.83795734965042	0.3329642255947613	0.19570314129227948	0.24215442007297935	0.22917821303998004	0.03454156265251292	9.941079211889313E-5	9.941079211889318E-5	-20344.466756137495	0.0	-205.66050943618575
46300	-20568.798116209135	-224.61861106219698	-20344.179505146938	7.284817957476655	2002.1181820425234	172.6471968458713	877.3483364439663	1.0408528224621314	19.83795734965042	0.3329642255947613	0.19570314129227948	0.24215442007297935	0.22917821303998004	0.008904321466759353	1.192356389813077E-4	1.1923563898130783E-4	-20344.179505146938	0.0	-208.3214470901292
46400	-20566.696493295487	-221.88816536509597	-20344.80832793039	7.438400796698695	2001.9645992033013	180.2831117956151	961.205594440087	1.0408528224621314	19.83795734965042	0.3329642255947613	0.19570314129227948	0.24215442007297935	0.22917821303998004	0.008904321466759353	1.1198663958465014E-4	1.1198663958465013E-4	-20344.80832793039	0.0	-205.46934779397768
46500	-20569.932608237952	-221.03257516555368	-20348.900033072397	7.0840909826222545	2002.3189090173778	168.4237392358409	961.205594440087	1.0408528224621314	19.83795734965042	0.3329642255947613	0.19570314129227948	0.24413259557611455	0.22720003753684484	0.008904321466759353	1.1758763561189139E-4	1.1758763561189146E-4	-20348.900033072397	0.0	-204.55571748842397
46600	-20571.658735696565	-224.7994125313845	-20346.85932316518	7.0840909826222545	2002.3189090173778	164.65807396435673	1193.3252245124854	1.1484247667348093	19.83795734965042	0.3329642255947613	0.19570314129227948	0.24413259557611455	0.22720003753684484	0.007614509912027871	1.1289966000491776E-4	1.1289966000491772E-4	-20346.85932316518	0.0	-207.88609568296562
46700	-20570.616782973437	-224.20353758249988	-20346.413245390937	7.245384040355505	2002.1576159596445	164.5617492771028	1193.3252245124854	1.1484247667348093	10.42108118506271	0.3329642255947613	0.19570314129227948	0.24413259557611455	0.22720003753684484	0.01852551716606463	1.1289966000491776E-4	1.1289966000491784E-4	-20346.413245390937	0.0	-208.5981749415732
46800	-20567.315031083046	-222.33415615388614	-20344.98087492916	6.924549261439686	2002.4784507385602	159.75189107339267	1193.3252245124854	1.1484247667348093	10.42108118506271	0.3329642255947613	0.19570314129227948	0.24413259557611455	0.22720003753684484	0.0495155230878062	1.181306340495472E-4	1.181306340495472E-4	-20344.98087492916	0.0	-206.62904309193826
46900	-20565.88495275139	-221.55748688628344	-20344.327465865106	6.664132337098685	2002.7388676629014	154.75155448117405	1138.156787856295	1.2139934765679254	10.42108118506271	0.3329642255947613	0.19570314129227948	0.2409740249341313	0.23035860817882808	0.0495155230878062	1.4117865319800913E-4	1.4117865319800916E-4	-20344.327465865106	0.0	-205.84617881878518
47000	-20556.914111258837	-218.9501870557648	-20337.96392420307	6.757702318613404	2002.6452976813866	155.61151600219787	990.6412906998727	1.2139934765679254	10.42108118506271	0.3329642255947613	0.19570314129227948	0.2409740249341313	0.23035860817882808	0.0495155230878062	1.4006714639866203E-4	1.4006714639866192E-4	-20337.96392420307	0.0	-203.53184304101902
47100	-20558.849607006454	-221.30532413990835	-20337.544282866547	6.757702318613404	2002.6452976813866	157.5655112340679	990.6412906998727	1.1233635549468128	10.42108118506271	0.3329642255947613	0.19570314129227948	0.2409740249341313	0.23035860817882808	0.0495155230878062	1.4006714639866203E-4	1.4006714639866203E-4	-20337.544282866547	0.0	-205.89385208225536
47200	-20558.67876954089	-223.9616945522438	-20334.717074988646	6.757702318613404	2002.6452976813866	158.1109566052386	1040.6203121602427	1.1233635549468128	10.42108118506271	0.3329642255947613	0.19570314129227948	0.2409740249341313	0.23035860817882808	0.0495155230878062	1.4006714639866203E-4	1.4006714639866206E-4	-20334.717074988646	0.0	-208.45272439110713
47300	-20560.409681417324	-223.17723378306573	-20337.23244763426	6.757702318613404	2002.6452976813866	157.39248535462835	1040.6203121602427	1.1233635549468128	14.01038652189464	0.3329642255947613	0.19570314129227948	0.2409740249341313	0.23035860817882808	0.0495155230878062	1.4006714639866203E-4	1.40067146398662E-4	-20337.23244763426	0.0	-207.08753986616492
47400	-20556.33434270419	-220.2605171874361	-20336.073825516756	6.757702318613404	2002.6452976813866	160.47165994769608	1040.6203121602427	1.1884750684874839	7.451563334601713	0.3329642255947613	0.19570314129227948	0.2409740249341313	0.23035860817882808	0.0495155230878062	1.4006714639866203E-4	1.40067146398662E-4	-20336.073825516756	0.0	-205.34585035532052
47500	-20553.764619058013	-220.5412154395096	-20333.223403618504	6.757702318613404	2002.6452976813866	159.03072367331717	1040.6203121602427	1.1884750684874839	7.451563334601713	0.3329642255947613	0.19570314129227948	0.2409740249341313	0.23035860817882808	0.021933487774515013	1.4006714639866203E-4	1.40067146398662E-4	-20333.223403618504	0.0	-205.67740453623213
47600	-20553.496469130452	-221.34438234513038	-20332.15208678532	6.441840527846336	2002.9611594721537	161.8844976198073	1040.6203121602427	1.1085470223300424	7.451563334601713	0.3390309399267753	0.19570314129227948	0.2409740249341313	0.22429189384681406	0.021933487774515013	1.3063992878676592E-4	1.30639928786766E-4	-20332.15208678532	0.0	-206.52622847787615
47700	-20554.859556446376	-221.97214583677982	-20332.887410609597	6.412071965061088	2002.9909280349389	161.38389752992822	645.2486170836197	1.1085470223300424	8.403362237643154	0.3390309399267753	0.19570314129227948	0.2409740249341313	0.22429189384681406	0.021933487774515013	1.1146005667168523E-4	1.1146005667168526E-4	-20332.887410609597	0.0	-207.90541052098507
47800	-20542.199639654595	-210.71038554297184	-20331.489254111624	6.005019713011296	2003.3979802869887	142.55703034832518	645.2486170836197	1.2208365287193703	8.403362237643154	0.3390309399267753	0.19570314129227948	0.2409740249341313	0.22429189384681406	0.021933487774515013	1.2766233375793176E-4	1.2766233375793179E-4	-20331.489254111624	0.0	-196.51243286684772
47900	-20544.653605627722	-211.13587684651768	-20333.517728781204	6.126131474323003	2003.276868525677	148.9601125245584	645.2486170836197	1.1678520053376666	8.33309862243992	0.3390309399267753	0.19570314129227948	0.2409740249341313	0.22429189384681406	0.021933487774515013	1.3517889796625074E-4	1.351788979662506E-4	-20333.517728781204	0.0	-196.94431895153176
48000	-20546.664197421043	-210.77052364853375	-20335.89367377251	6.126131474323003	2003.276868525677	148.00746363307667	645.2486170836197	1.19202726181606	8.33309862243992	0.3390309399267753	0.19570314129227948	0.2409740249341313	0.22429189384681406	0.019210457577685223	1.3517889796625074E-4	1.3517889796625082E-4	-20335.89367377251	0.0	-196.58109090616207
48100	-20549.732268788604	-209.940247832352	-20339.79202095625	6.158573302054276	2003.2444266979458	146.64294672414272	645.2486170836197	1.19202726181606	8.33309862243992	0.3390309399267753	0.19570314129227948	0.2409740249341313	0.22429189384681406	0.019210457577685223	1.3446680925582465E-4	1.344668092558246E-4	-20339.79202095625	0.0	-195.7491138015979
48200	-20553.69341709385	-211.32557836709282	-20342.367838726757	6.155804002810091	2003.24719599719	147.21262594710197	731.6045345717473	1.19202726181606	8.33309862243992	0.3390309399267753	0.19570314129227948	0.2409740249341313	0.22429189384681406	0.019210457577685223	1.3446680925582465E-4	1.344668092558246E-4	-20342.367838726757	0.0	-196.92447164025327
48300	-20554.8174784895	-209.63683222669087	-20345.180646262812	6.228392198273592	2003.1746078017263	152.69648792854227	731.6045345717473	1.181633516896388	8.33309862243992	0.3390309399267753	0.19570314129227948	0.2409740249341313	0.22429189384681406	0.019210457577685223	1.3289967881141869E-4	1.3289967881141877E-4	-20345.180646262812	0.0	-195.25947987706382
48400	-20559.524217157912	-211.87353020597934	-20347.650686951933	6.556643460982448	2002.8463565390175	146.83141328108974	731.6045345717473	1.2071859750185048	8.33309862243992	0.3390309399267753	0.19570314129227948	0.2409740249341313	0.22429189384681406	0.019210457577685223	1.3289967881141869E-4	1.3289967881141882E-4	-20347.650686951933	0.0	-197.47711823234286
48500	-20566.322903475033	-214.5559722849146	-20351.76693119012	6.556643460982448	2002.8463565390175	147.98758848328046	731.6045345717473	1.2984171778804967	8.33309862243992	0.3390309399267753	0.19570314129227948	0.2409740249341313	0.22429189384681406	0.019210457577685223	1.3289967881141869E-4	1.328996788114187E-4	-20351.76693119012	0.0	-200.16241600815206
48600	-20561.447311475462	-212.49501123713324	-20348.95230023833	6.556643460982448	2002.8463565390175	151.45056170250842	493.0159273857959	1.091929533713479	8.33309862243992	0.3390309399267753	0.19570314129227948	0.2409740249341313	0.22429189384681406	0.019210457577685223	1.3289967881141869E-4	1.328996788114187E-4	-20348.95230023833	0.0	-198.74751757022375
48700	-20559.546573760123	-211.7501182775094	-20347.796455482614	6.318601922099222	2003.0843980779007	146.2283130304282	465.4119025323812	1.091929533713479	8.33309862243992	0.3390309399267753	0.19570314129227948	0.2409740249341313	0.22429189384681406	0.019210457577685223	1.379064262614695E-4	1.379064262614695E-4	-20347.796455482614	0.0	-198.05171613204234
48800	-20557.846830668223	-212.72807925080153	-20345.11875141742	6.318601922099222	2003.0843980779007	150.16868552878748	465.4119025323812	1.091929533713479	7.416027245375323	0.3390309399267753	0.19570314129227948	0.2409740249341313	0.22429189384681406	0.019210457577685223	1.2775670972129907E-4	1.2775670972129898E-4	-20345.11875141742	0.0	-199.27800922196823
48900	-20556.943974848742	-212.24883859263892	-20344.695136256105	6.318601922099222	2003.0843980779007	149.67893140148556	599.6099347380549	1.1096907517827963	7.416027245375323	0.3390309399267753	0.19570314129227948	0.2409740249341313	0.22429189384681406	0.019210457577685223	1.3561700559492376E-4	1.3561700559492376E-4	-20344.695136256105	0.0	-198.37868895628753
49000	-20557.00976119008	-211.65524892814216	-20345.354512261936	6.210052064825964	2003.192947935174	143.81445528876165	599.6099347380549	1.131531535959759	7.416027245375323	0.3390309399267753	0.19570314129227948	0.2409740249341313	0.22429189384681406	0.019210457577685223	1.3999025426238742E-4	1.399902542623875E-4	-20345.354512261936	0.0	-197.7491939657344
49100	-20554.212877311627	-212.75041036001778	-20341.46246695161	6.210052064825964	2003.192947935174	143.73954714232875	599.6099347380549	1.1384385753170503	7.416027245375323	0.3345603574915384	0.19570314129227948	0.2409740249341313	0.22876247628205099	0.019210457577685223	1.321403368047268E-4	1.3214033680472673E-4	-20341.46246695161	0.0	-198.87401880222237
49200	-20553.67500375111	-211.6647490887721	-20342.010254662335	5.829196998923025	2003.573803001077	142.44223305501683	599.6099347380549	1.0986924829536076	7.416027245375323	0.3345603574915384	0.19570314129227948	0.2409740249341313	0.22876247628205099	0.005157477133132605	1.3467300422475648E-4	1.3467300422475648E-4	-20342.010254662335	0.0	-197.8026458415733
49300	-20553.963991428816	-214.20513490978672	-20339.75885651903	5.88665211854354	2003.5163478814566	145.54793666948333	599.6099347380549	1.027575610630323	11.07263649242982	0.3345603574915384	0.19570314129227948	0.2409740249341313	0.22876247628205099	0.005157477133132605	1.4771170316977365E-4	1.4771170316977365E-4	-20339.75885651903	0.0	-199.5962899198608
49400	-20543.3988826216	-206.9740931183528	-20336.42478950325	5.080140949665353	2004.3228590503347	131.03293846934642	421.3664629647732	1.1033302583044506	11.07263649242982	0.3316513836819275	0.19570314129227948	0.2409740249341313	0.23167145009166193	0.005157477133132605	1.651080418132995E-4	1.651080418132994E-4	-20336.42478950325	0.0	-192.7868250408173
49500	-20542.921022139777	-204.67617057034622	-20338.24485156943	5.006671848055728	2004.3963281519443	130.20146363783718	340.8316759758802	1.1033302583044506	11.07263649242982	0.3316513836819275	0.19570314129227948	0.2409740249341313	0.23167145009166193	0.005157477133132605	1.651080418132995E-4	1.6510804181329972E-4	-20338.24485156943	0.0	-190.77829374606944
49600	-20546.721692179435	-207.43831015535304	-20339.28338202408	6.002831378951324	2003.4001686210488	133.32881505273167	340.8316759758802	1.1033302583044506	11.07263649242982	0.3316513836819275	0.19570314129227948	0.2409740249341313	0.23167145009166193	0.005157477133132605	1.3524619570774287E-4	1.3524619570774265E-4	-20339.28338202408	0.0	-193.65551775906297
49700	-20542.98560443503	-205.71056812540155	-20337.275036309627	4.991323431950437	2004.4116765680496	129.20520502725802	340.8316759758802	1.1033302583044506	11.07263649242982	0.3316513836819275	0.19570314129227948	0.2409740249341313	0.23167145009166193	0.03041317531263652	1.3849894595687154E-4	1.3849894595687154E-4	-20337.275036309627	0.0	-191.84981055338955
49800	-20541.73619756375	-206.21108807469506	-20335.525109489055	5.357681486244269	2004.0453185137558	130.61478357183265	340.8316759758802	1.1033302583044506	11.07263649242982	0.3316513836819275	0.1950981242097946	0.24157904201661617	0.23167145009166193	0.008063369682498864	1.3849894595687154E-4	1.3849894595687162E-4	-20335.525109489055	0.0	-192.40026015412286
49900	-20545.587989168715	-208.37078297601474	-20337.2172061927	5.737208828797873	2003.665791171202	143.2678647760844	397.1456939144147	1.1033302583044506	11.07263649242982	0.3316513836819275	0.1950981242097946	0.24157904201661617	0.23167145009166193	0.04509141868976934	1.2933697565492935E-4	1.293369756549293E-4	-20337.2172061927	0.0	-194.35683614392036
50000	-20548.29866344784	-208.59348536090312	-20339.705178086937	5.622609331258902	2003.7803906687411	142.19135997688198	397.1456939144147	1.1033302583044506	11.07263649242982	0.3316513836819275	0.1950981242097946	0.24157904201661617	0.23167145009166193	0.04509141868976934	1.2933697565492935E-4	1.2933697565492932E-4	-20339.705178086937	0.0	-194.57590660946826
50100	-20551.762086404055	-207.49569466364406	-20344.26639174041	6.404204450697923	2002.998795549302	147.63327379782382	470.50950055977245	1.1415123527203368	11.276908798622143	0.3316513836819275	0.1950981242097946	0.24157904201661617	0.23167145009166193	0.04509141868976934	1.173975277697284E-4	1.1739752776972838E-4	-20344.26639174041	0.0	-193.26847340409864
50200	-20547.2376584463	-203.99253300438414	-20343.245125441917	5.157699249921373	2004.2453007500787	139.6219957786853	502.87872457082926	1.1466621725796318	11.276908798622143	0.3316513836819275	0.1950981242097946	0.24157904201661617	0.23167145009166193	0.053680302424448864	1.403753774692113E-4	1.4037537746921133E-4	-20343.245125441917	0.0	-189.5297057779149
50300	-20544.633003464405	-205.10609476695166	-20339.526908697455	5.157699249921373	2004.2453007500787	136.6852478140738	502.87872457082926	1.2386943954774088	8.785706410497177	0.3316513836819275	0.1950981242097946	0.24157904201661617	0.23167145009166193	0.053680302424448864	1.403753774692113E-4	1.4037537746921133E-4	-20339.526908697455	0.0	-191.08912571410127
50400	-20546.646537776458	-205.52362338694536	-20341.122914389514	5.0395626566533505	2004.3634373433467	133.97458123220392	486.25871187041713	1.2386943954774088	8.785706410497177	0.3316513836819275	0.1950981242097946	0.24157904201661617	0.23167145009166193	0.053680302424448864	1.403753774692113E-4	1.403753774692114E-4	-20341.122914389514	0.0	-191.54721410912393
50500	-20544.691699206072	-207.30413756132887	-20337.387561644744	5.0395626566533505	2004.3634373433467	135.13932676764682	486.25871187041713	1.2386943954774088	10.689609811051325	0.3316513836819275	0.1950981242097946	0.24157904201661617	0.23167145009166193	0.12835250497455442	1.403753774692113E-4	1.403753774692113E-4	-20337.387561644744	0.0	-192.82682430300983
50600	-20539.635558490067	-199.86348659560505	-20339.772071894462	5.0423541211618454	2004.360645878838	118.97315396154966	486.25871187041713	1.3971610903651297	10.689609811051325	0.3316513836819275	0.1950981242097946	0.24157904201661617	0.23167145009166193	0.12835250497455442	1.6181631481713114E-4	1.6181631481713122E-4	-20339.772071894462	0.0	-185.2495320288139
50700	-20543.932254689495	-199.57488687480833	-20344.357367814686	5.0423541211618454	2004.360645878838	119.23732295664519	486.25871187041713	1.4648618934722069	10.99763649960858	0.3316513836819275	0.1950981242097946	0.24157904201661617	0.23167145009166193	0.12835250497455442	1.6181631481713114E-4	1.618163148171312E-4	-20344.357367814686	0.0	-184.90776007239035
50800	-20544.127154707476	-199.3918703009647	-20344.73528440651	5.142735665993773	2004.2602643340063	123.99119345406795	486.25871187041713	1.3955693197408894	10.99763649960858	0.3316513836819275	0.1950981242097946	0.24157904201661617	0.23167145009166193	0.12835250497455442	1.5127149440307986E-4	1.5127149440307983E-4	-20344.73528440651	0.0	-184.77921481488755
50900	-20547.207575299468	-200.0448272949506	-20347.162748004517	4.995703795091524	2004.4072962049086	120.63263166056711	486.25871187041713	1.3955693197408894	10.582535556991926	0.3316513836819275	0.1950981242097946	0.24157904201661617	0.23167145009166193	0.14909776938941185	1.557236660586767E-4	1.5572366605867675E-4	-20347.162748004517	0.0	-185.43483686528714
51000	-20542.326332989167	-198.4771349728845	-20343.849198016283	5.022946825620293	2004.3800531743798	125.4490860194297	486.25871187041713	1.4418148159467208	10.582535556991926	0.3316513836819275	0.1950981242097946	0.24157904201661617	0.23167145009166193	0.14909776938941185	1.5487906532214303E-4	1.548790653221431E-4	-20343.849198016283	0.0	-183.88833232586848
51100	-20542.19191118969	-199.39147861311704	-20342.800432576572	5.022946825620293	2004.3800531743798	122.15678528387453	486.25871187041713	1.3367280898785021	10.582535556991926	0.3316513836819275	0.1950981242097946	0.24157904201661617	0.23167145009166193	0.018037278727740847	1.5487906532214303E-4	1.5487906532214314E-4	-20342.800432576572	0.0	-185.05306040203305
51200	-20544.63716694891	-201.39349142667115	-20343.243675522237	5.137104696551753	2004.2658953034484	120.54447856659563	486.25871187041713	1.3367280898785021	10.582535556991926	0.3316513836819275	0.1950981242097946	0.24157904201661617	0.23167145009166193	0.018037278727740847	1.5417008055881802E-4	1.5417008055881813E-4	-20343.243675522237	0.0	-187.05105920887746
51300	-20545.80186159938	-201.7516319173175	-20344.05022968206	5.10948962827031	2004.2935103717298	119.67948996680407	446.9649565414587	1.3150742043399886	11.197393437049163	0.3316513836819275	0.1950981242097946	0.24157904201661617	0.23167145009166193	0.018037278727740847	1.5500331785086213E-4	1.5500331785086213E-4	-20344.05022968206	0.0	-187.4199995836495
51400	-20539.56237489065	-200.54650665247402	-20339.015868238177	4.882724454256198	2004.5202755457437	113.87017821218794	278.5743433143001	1.3150742043399886	11.197393437049163	0.3316513836819275	0.1950981242097946	0.24157904201661617	0.23167145009166193	0.018037278727740847	1.8481290585537692E-4	1.8481290585537692E-4	-20339.015868238177	0.0	-186.74026554912902
51500	-20540.13775282435	-201.12060351443904	-20339.01714930991	4.882724454256198	2004.5202755457437	112.72350278491213	244.365653148434	1.2555568661598453	11.197393437049163	0.3316513836819275	0.1950981242097946	0.24157904201661617	0.23167145009166193	0.018037278727740847	1.8481290585537692E-4	1.8481290585537687E-4	-20339.01714930991	0.0	-187.47520592454777
51600	-20542.7988982766	-201.58673482662928	-20341.21216344997	4.1181014740832165	2005.2848985259168	111.3939281630609	244.365653148434	1.200423859117988	11.197393437049163	0.3316513836819275	0.1950981242097946	0.24157904201661617	0.23167145009166193	0.018037278727740847	1.835878114969627E-4	1.8358781149696262E-4	-20341.21216344997	0.0	-187.93966364884662
51700	-20543.832687530426	-202.50273264070162	-20341.329954889727	4.098348477935562	2005.3046515220644	112.49524485732817	244.365653148434	1.2511490449483944	11.197393437049163	0.3316513836819275	0.1950981242097946	0.24157904201661617	0.23167145009166193	0.018037278727740847	1.835878114969627E-4	1.8358781149696267E-4	-20341.329954889727	0.0	-188.8598710885532
51800	-20546.47029411599	-202.47385669181492	-20343.996437424175	4.098348477935562	2005.3046515220644	112.56646170108358	238.04977490480863	1.2336605065606294	11.197393437049163	0.3316513836819275	0.1950981242097946	0.24157904201661617	0.23167145009166193	0.005452716597030699	1.819725353962563E-4	1.8197253539625635E-4	-20343.996437424175	0.0	-188.8937185767936
51900	-20545.83478312812	-201.893451571744	-20343.941331556376	4.2706491359854795	2005.1323508640146	112.17616579113438	286.78816847409246	1.2336605065606294	11.197393437049163	0.3316513836819275	0.1950981242097946	0.24157904201661617	0.23167145009166193	0.005452716597030699	1.478431440515854E-4	1.478431440515853E-4	-20343.941331556376	0.0	-188.18451210215795
52000	-20543.897093188563	-200.73072439452065	-20343.16636879404	4.127557938720987	2005.2754420612791	112.51400886860095	286.78816847409246	1.2336605065606294	11.197393437049163	0.3316513836819275	0.1950981242097946	0.24157904201661617	0.23167145009166193	0.014054156250903232	1.4755481181386246E-4	1.475548118138624E-4	-20343.16636879404	0.0	-187.00704421662508
52100	-20539.558388911777	-198.74924752909192	-20340.809141382684	4.418688710926315	2004.9843112890737	113.38953474885012	286.78816847409246	1.33869860072606	11.197393437049163	0.3316513836819275	0.1950981242097946	0.24157904201661617	0.23167145009166193	0.014054156250903232	1.6920286552247522E-4	1.6920286552247538E-4	-20340.809141382684	0.0	-184.95735946607482
52200	-20539.792633497353	-198.18161714809557	-20341.611016349256	4.42140270173791	2004.9815972982622	110.46919708622129	277.6874325568185	1.2820256386483533	11.197393437049163	0.3316513836819275	0.1950981242097946	0.24157904201661617	0.23167145009166193	0.00859987166382776	1.7111121048381998E-4	1.7111121048382E-4	-20341.611016349256	0.0	-184.42415005758843
52300	-20544.69480612326	-200.60406997258136	-20344.09073615068	4.499957492843172	2004.903042507157	108.85108934004991	277.6874325568185	1.3388923710209248	14.138027351038573	0.3316513836819275	0.1950981242097946	0.24157904201661617	0.23167145009166193	0.06629298070516591	1.709028913913051E-4	1.709028913913051E-4	-20344.09073615068	0.0	-186.26231527433544
52400	-20538.1551108302	-204.975656400542	-20333.179454429657	4.479135198882564	2004.9238648011174	109.52790912709736	465.1350916866379	1.365565292570416	14.138027351038573	0.3323093086456898	0.1950981242097946	0.24157904201661617	0.23101352512789958	0.017579349367897713	1.709028913913051E-4	1.7090289139130502E-4	-20333.179454429657	0.0	-190.03128229223577
52500	-20534.132418423767	-201.03577812877296	-20333.096640294996	4.821202848254019	2004.581797151746	111.76854608283328	356.58545665930336	1.365565292570416	14.138027351038573	0.3323093086456898	0.1950981242097946	0.24157904201661617	0.23101352512789958	0.017579349367897713	1.709028913913051E-4	1.709028913913051E-4	-20333.096640294996	0.0	-186.47518432486743
52600	-20539.441228412375	-200.00884575926403	-20339.43238265311	4.821202848254019	2004.581797151746	111.69309883670648	356.58545665930336	1.2817978564839438	9.35437440678258	0.3323093086456898	0.1950981242097946	0.24157904201661617	0.23101352512789958	0.017579349367897713	1.8025712960013002E-4	1.802571296001299E-4	-20339.43238265311	0.0	-186.21536551311974
52700	-20541.874998631516	-201.89999476707146	-20339.975003864445	5.075928475591564	2004.3270715244084	116.39659468822805	315.0937068710477	1.2817978564839438	9.35437440678258	0.3323093086456898	0.1950981242097946	0.24157904201661617	0.23101352512789958	0.017579349367897713	1.8025712960013002E-4	1.8025712960013002E-4	-20339.975003864445	0.0	-188.29136275197882
52800	-20545.4908361424	-203.3608522967951	-20342.129983845603	4.379442588559748	2005.0235574114404	113.49015621826612	315.0937068710477	1.164791126280742	9.35437440678258	0.3323093086456898	0.1950981242097946	0.24157904201661617	0.23101352512789958	0.017579349367897713	1.8749717334633323E-4	1.874971733463331E-4	-20342.129983845603	0.0	-189.72075927342362
52900	-20534.68834391268	-199.8447403068571	-20334.843603605823	4.723262641912193	2004.6797373580878	108.57674168659888	312.0732002196644	1.3506977063678156	9.9286483315706	0.3323093086456898	0.1950981242097946	0.24157904201661617	0.23101352512789958	0.017579349367897713	1.9693306459963626E-4	1.9693306459963634E-4	-20334.843603605823	0.0	-186.06080798978758
53000	-20539.860591622048	-199.81771668001073	-20340.042874942035	5.295072779275195	2004.1079272207248	110.56640939669683	312.0732002196644	1.3417387157024276	9.9286483315706	0.3323093086456898	0.1950981242097946	0.24157904201661617	0.23101352512789958	0.017579349367897713	1.5187137249114466E-4	1.5187137249114455E-4	-20340.042874942035	0.0	-186.17745897061323
53100	-20538.00325324835	-199.25765408936797	-20338.74559915898	5.295072779275195	2004.1079272207248	111.70319791063643	312.0732002196644	1.270240181861991	9.9286483315706	0.32951234711045	0.1950981242097946	0.24437600355185599	0.23101352512789958	0.017579349367897713	1.874759027246634E-4	1.874759027246632E-4	-20338.74559915898	0.0	-185.5137678874409
53200	-20540.23589279212	-199.78738618197536	-20340.448506610144	5.295072779275195	2004.1079272207248	111.44472441554166	339.26941946437785	1.2758988389911765	9.745477740431657	0.32951234711045	0.1950981242097946	0.24437600355185599	0.23101352512789958	0.017579349367897713	1.874759027246634E-4	1.8747590272466324E-4	-20340.448506610144	0.0	-185.96561229162208
53300	-20541.141391282825	-203.50339503835983	-20337.637996244466	5.555487556630195	2003.8475124433699	116.35634954462427	339.26941946437785	1.2758988389911765	9.745477740431657	0.32951234711045	0.1950981242097946	0.2403567108023648	0.23503281787739078	0.017579349367897713	1.7868792597738311E-4	1.7868792597738303E-4	-20337.637996244466	0.0	-189.7272919748327
53400	-20540.966249929377	-202.47736920529783	-20338.48888072408	5.281442120922384	2004.1215578790777	114.5199760440019	339.26941946437785	1.2758988389911765	12.21099946108363	0.32951234711045	0.1950981242097946	0.2403567108023648	0.23503281787739078	0.017579349367897713	1.8810529396419399E-4	1.8810529396419388E-4	-20338.48888072408	0.0	-188.24077458591796
53500	-20536.865921757504	-202.40309723975355	-20334.462824517752	5.300983813568056	2004.102016186432	112.50268863801692	339.26941946437785	1.2758988389911765	9.225536620987928	0.32951234711045	0.1950981242097946	0.2403567108023648	0.23503281787739078	0.019019421289758375	1.8554959522964386E-4	1.855495952296438E-4	-20334.462824517752	0.0	-188.68701880034274
53600	-20528.889661347912	-196.1773566900588	-20332.712304657853	4.5000329549246265	2004.9029670450755	95.17667503504292	339.26941946437785	1.4794230142448426	9.225536620987928	0.32951234711045	0.1950981242097946	0.2403567108023648	0.23503281787739078	0.019019421289758375	2.1857515506637477E-4	2.185751550663749E-4	-20332.712304657853	0.0	-182.29378961713522
53700	-20532.345407759178	-196.00505962168083	-20336.340348137495	4.5000329549246265	2004.9029670450755	95.77082583586169	339.26941946437785	1.4794230142448426	8.494956339238671	0.3331467575932829	0.1950981242097946	0.23672230031953193	0.23503281787739078	0.019019421289758375	2.1857515506637477E-4	2.1857515506637477E-4	-20336.340348137495	0.0	-182.26932132694688
53800	-20535.53645606025	-196.42735637737405	-20339.109099682875	4.5000329549246265	2004.9029670450755	97.68652996416547	339.26941946437785	1.4794230142448426	8.494956339238671	0.33211302337666726	0.1950981242097946	0.23775603453614758	0.23503281787739078	0.13595469150997652	2.1857515506637477E-4	2.185751550663747E-4	-20339.109099682875	0.0	-182.4672316026379
53900	-20536.806554805302	-196.4741322525421	-20340.33242255276	4.5000329549246265	2004.9029670450755	98.19249611864757	185.3289056991722	1.4348038552061728	8.494956339238671	0.33211302337666726	0.1950981242097946	0.23775603453614758	0.23503281787739078	0.13595469150997652	1.9685107775308354E-4	1.9685107775308357E-4	-20340.33242255276	0.0	-183.32939876579994
54000	-20534.182995612962	-193.01712286278038	-20341.16587275018	4.64698459778006	2004.7560154022199	96.72876460753415	307.66667337433313	1.5537419132810326	9.815408204917027	0.33211302337666726	0.1950981242097946	0.23775603453614758	0.23503281787739078	0.13595469150997652	2.0072356799972056E-4	2.0072356799972045E-4	-20341.16587275018	0.0	-178.96862260213044
54100	-20527.74303157682	-187.05563112506601	-20340.687400451756	3.777186589713687	2005.6258134102864	87.0227855043847	241.91495073908294	1.588119713167242	9.815408204917027	0.33211302337666726	0.1950981242097946	0.23775603453614758	0.23503281787739078	0.13595469150997652	2.1497900538824897E-4	2.1497900538824895E-4	-20340.687400451756	0.0	-173.22626053069848
54200	-20531.90237052819	-185.29528858923527	-20346.607081938957	3.686128000051743	2005.7168719999484	84.91089627718956	241.91495073908294	1.7551310319464029	9.815408204917027	0.33211302337666726	0.1950981242097946	0.23775603453614758	0.23503281787739078	0.13595469150997652	2.2768299208076906E-4	2.2768299208076906E-4	-20346.607081938957	0.0	-171.42263245612816
54300	-20528.79170334496	-184.80211322428738	-20343.989590120673	3.686128000051743	2005.7168719999484	83.82026998117612	254.41564380119263	1.7551310319464029	9.815408204917027	0.33211302337666726	0.1950981242097946	0.23775603453614758	0.23503281787739078	0.058388663901804284	2.207836595261923E-4	2.207836595261923E-4	-20343.989590120673	0.0	-171.0315040589918
54400	-20521.70121614518	-183.57078958503033	-20338.130426560147	3.57171975175922	2005.8312802482408	80.19672451821256	254.41564380119263	1.7551310319464029	9.815408204917027	0.33211302337666726	0.1950981242097946	0.23902630656336313	0.23376254585017522	0.058388663901804284	2.498551222175647E-4	2.4985512221756484E-4	-20338.130426560147	0.0	-169.71470394143196
54500	-20526.380951942796	-183.51401018736175	-20342.866941755434	3.570332931861361	2005.8326670681386	79.9856880837224	254.41564380119263	1.7562410886242905	9.815408204917027	0.33211302337666726	0.1950981242097946	0.23902630656336313	0.23376254585017522	0.058388663901804284	2.393469637850868E-4	2.393469637850869E-4	-20342.866941755434	0.0	-169.67897270168385
54600	-20524.904248387527	-183.03273845674352	-20341.871509930785	3.570332931861361	2005.8326670681386	79.79312253058094	222.04940692482612	1.7562410886242905	9.815408204917027	0.33211302337666726	0.1950981242097946	0.23902630656336313	0.23376254585017522	0.058388663901804284	2.393469637850868E-4	2.3934696378508696E-4	-20341.871509930785	0.0	-169.3648414387882
54700	-20523.211290952513	-180.23813366094436	-20342.97315729157	3.033849163708656	2006.3691508362913	73.95886832883004	222.04940692482612	2.041199987814648	9.815408204917027	0.33211302337666726	0.1950981242097946	0.23902630656336313	0.23376254585017522	0.04066570656514667	2.3429924435641828E-4	2.3429924435641833E-4	-20342.97315729157	0.0	-166.57729615255235
54800	-20526.891497723227	-179.2572519353769	-20347.63424578785	2.9571422661499445	2006.44585773385	74.5456286045603	280.28021340257965	2.1080688867093924	9.815408204917027	0.33211302337666726	0.19588549242585493	0.23902630656336313	0.2329751776341149	0.04066570656514667	2.1897826170665785E-4	2.1897826170665793E-4	-20347.63424578785	0.0	-165.3436269793191
54900	-20517.8662754725	-179.48904917670325	-20338.377226295797	3.0339073590161307	2006.3690926409838	74.33713823518566	280.28021340257965	2.1080688867093924	9.815408204917027	0.33211302337666726	0.19588549242585493	0.23902630656336313	0.2329751776341149	0.04066570656514667	2.5312021105780444E-4	2.5312021105780455E-4	-20338.377226295797	0.0	-165.49908546618474
55000	-20519.224941250355	-177.17460017060125	-20342.050341079754	3.004057254615727	2006.3989427453844	74.46976293332496	280.28021340257965	2.1336239733094966	9.815408204917027	0.33211302337666726	0.19588549242585493	0.24841038683095812	0.22359109736651991	0.04066570656514667	2.556353644272412E-4	2.5563536442724114E-4	-20342.050341079754	0.0	-163.1801075137612
55100	-20517.12329094448	-178.14844517853066	-20338.97484576595	3.0011024428967095	2006.4018975571032	74.03478745182682	248.51809102282618	1.9845769722362865	9.575076090064343	0.33211302337666726	0.19588549242585493	0.24841038683095812	0.22359109736651991	0.04066570656514667	2.7380722449934906E-4	2.738072244993489E-4	-20338.97484576595	0.0	-164.31382366608986
55200	-20518.512864570046	-176.39043591026606	-20342.12242865978	3.0011024428967095	2006.4018975571032	72.98358884464349	248.51809102282618	2.162177275489601	9.575076090064343	0.33211302337666726	0.19053940907803094	0.24841038683095812	0.2289371807143439	0.04066570656514667	2.64673270847176E-4	2.646732708471761E-4	-20342.12242865978	0.0	-162.56480669705707
55300	-20518.939722762778	-180.99397609856965	-20337.94574666421	3.3165878562006323	2006.0864121437994	76.78168028065642	351.22435265730036	2.1440811359886442	9.575076090064343	0.33211302337666726	0.19053940907803094	0.24841038683095812	0.2289371807143439	0.04066570656514667	2.4377980698765393E-4	2.4377980698765363E-4	-20337.94574666421	0.0	-166.78733802268928
55400	-20518.408727243386	-181.03354350017509	-20337.37518374321	3.12727730012127	2006.2757226998788	73.5893488572987	351.22435265730036	2.2486841927876284	9.575076090064343	0.34115163198402076	0.19053940907803094	0.23937177822360461	0.2289371807143439	0.04066570656514667	2.6336558097106346E-4	2.6336558097106325E-4	-20337.37518374321	0.0	-166.76532456719218
55500	-20516.623477788453	-178.50306480424683	-20338.120412984204	3.2286208182407012	2006.1743791817594	75.71268028967748	351.22435265730036	2.2486841927876284	9.575076090064343	0.34115163198402076	0.19053940907803094	0.23937177822360461	0.2289371807143439	0.04066570656514667	2.549766194443717E-4	2.549766194443716E-4	-20338.120412984204	0.0	-164.2653301151462
55600	-20514.957234444122	-178.18797565398302	-20336.76925879014	3.2286208182407012	2006.1743791817594	76.15293259191617	343.5252364967949	2.2486841927876284	9.575076090064343	0.34115163198402076	0.19053940907803094	0.23937177822360461	0.2289371807143439	0.04066570656514667	2.605272474626065E-4	2.6052724746260654E-4	-20336.76925879014	0.0	-163.97167875663976
55700	-20512.746004039316	-176.78935916582955	-20335.956644873488	3.1099921772298655	2006.29300782277	73.15052784153046	343.5252364967949	2.2486841927876284	9.575076090064343	0.34115163198402076	0.19053940907803094	0.23937177822360461	0.2289371807143439	0.04066570656514667	2.7046489088790646E-4	2.7046489088790646E-4	-20335.956644873488	0.0	-162.53428798788372
55800	-20510.48870807403	-175.48431519084824	-20335.00439288318	3.035420246857269	2006.3675797531428	72.42499664965919	343.5252364967949	2.3941146512697262	9.575076090064343	0.34115163198402076	0.19053940907803094	0.23937177822360461	0.2289371807143439	0.04066570656514667	2.6840627332788914E-4	2.6840627332788914E-4	-20335.00439288318	0.0	-161.22697137073723
55900	-20514.828748386768	-174.74936292020638	-20340.07938546656	3.0168608315073215	2006.3861391684927	72.31226833220595	372.0385642659831	2.3499960884100672	9.575076090064343	0.34115163198402076	0.19053940907803094	0.23937177822360461	0.2289371807143439	0.08190734055123483	2.891306037188353E-4	2.8913060371883514E-4	-20340.07938546656	0.0	-160.26237091180442
56000	-20515.587968871565	-176.25496942914694	-20339.332999442417	3.0168608315073215	2006.3861391684927	72.19677604490457	372.0385642659831	2.4039517845603626	10.305993049361579	0.34115163198402076	0.19053940907803094	0.23937177822360461	0.2289371807143439	0.08190734055123483	2.8158916184619845E-4	2.8158916184619845E-4	-20339.332999442417	0.0	-161.64585637718946
56100	-20520.779445556385	-174.47651037593522	-20346.30293518045	3.0271861104036266	2006.3758138895964	69.23054083752065	281.859188465143	2.4740756308602543	10.305993049361579	0.34115163198402076	0.19053940907803094	0.23937177822360461	0.2289371807143439	0.08190734055123483	2.934844247716686E-4	2.934844247716685E-4	-20346.30293518045	0.0	-160.1925351574482
56200	-20519.17230504717	-177.89765170910212	-20341.274653338067	2.941873907518828	2006.4611260924812	70.6280568620024	387.91012795498	2.3666764613202305	10.768752937173339	0.3384404917518172	0.19325054931023453	0.23937177822360461	0.2289371807143439	0.08190734055123483	2.8169981263894155E-4	2.8169981263894176E-4	-20341.274653338067	0.0	-163.13855452538064
56300	-20521.928042700576	-178.84145476233476	-20343.08658793824	2.836902719350927	2006.566097280649	70.35416155414536	330.17204761216385	2.4959246753648134	10.768752937173339	0.3384404917518172	0.19325054931023453	0.23937177822360461	0.2289371807143439	0.08190734055123483	2.8169981263894155E-4	2.816998126389417E-4	-20343.08658793824	0.0	-164.29793621471168
56400	-20528.98501961763	-180.66963067894292	-20348.31538893869	2.836902719350927	2006.566097280649	68.86085951719254	490.2147688906601	2.4959246753648134	10.768752937173339	0.3384404917518172	0.19325054931023453	0.23937177822360461	0.2289371807143439	0.08190734055123483	2.4789534914329434E-4	2.4789534914329434E-4	-20348.31538893869	0.0	-165.627174050671
56500	-20528.253436236384	-178.3868117276885	-20349.866624508697	2.836902719350927	2006.566097280649	70.17544478680956	490.2147688906601	2.6738292012494647	10.768752937173339	0.3384404917518172	0.19409253641012097	0.23852979112371817	0.2289371807143439	0.08190734055123483	3.0731350498233983E-4	3.073135049823401E-4	-20349.866624508697	0.0	-163.2401048705688
56600	-20528.01293637527	-176.70437499816856	-20351.308561377104	2.7222719088194327	2006.6807280911805	67.99277574309916	490.2147688906601	2.6738292012494647	10.768752937173339	0.338032063568928	0.19409253641012097	0.23852979112371817	0.22934560889723307	0.08190734055123483	2.976472167864355E-4	2.976472167864355E-4	-20351.308561377104	0.0	-161.5591773757116
56700	-20528.082229866628	-177.55861672029786	-20350.52361314633	2.8441088273398702	2006.5588911726602	69.31889101653992	490.2147688906601	2.6215958058608413	11.456444313235087	0.338032063568928	0.19409253641012097	0.23852979112371817	0.22934560889723307	0.08190734055123483	2.976472167864355E-4	2.976472167864357E-4	-20350.52361314633	0.0	-162.30553418452183
56800	-20523.39759077566	-177.23989715616347	-20346.157693619498	2.8441088273398702	2006.5588911726602	69.67743363775531	490.2147688906601	2.6215958058608413	11.456444313235087	0.338032063568928	0.19409253641012097	0.23852979112371817	0.22934560889723307	0.08190734055123483	2.976472167864355E-4	2.976472167864353E-4	-20346.157693619498	0.0	-161.98928741841922
56900	-20522.41945454419	-179.87886326865814	-20342.54059127553	2.7079028338132494	2006.6950971661868	70.54129508596704	833.8879225364178	2.878394249676711	11.75500438773347	0.338032063568928	0.19409253641012097	0.23852979112371817	0.22934560889723307	0.08190734055123483	2.817817644252206E-4	2.8178176442522054E-4	-20342.54059127553	0.0	-163.73607489243145
57000	-20519.199842367758	-178.9001952153641	-20340.299647152395	2.7079028338132494	2006.6950971661868	69.36309297991257	713.7251897531037	2.878394249676711	13.181974696308735	0.338032063568928	0.19082936138322068	0.24179296615061846	0.22934560889723307	0.08190734055123483	2.817817644252206E-4	2.817817644252203E-4	-20340.299647152395	0.0	-162.79878432577078
57100	-20518.497110804765	-178.93773448870897	-20339.559376316054	2.7079028338132494	2006.6950971661868	69.5824831390756	713.7251897531037	2.878394249676711	9.663352514449794	0.338032063568928	0.19082936138322068	0.24179296615061846	0.22934560889723307	0.08190734055123483	2.758451988644165E-4	2.7584519886441656E-4	-20339.559376316054	0.0	-163.44231579282575
57200	-20518.211666531173	-177.58878275818864	-20340.622883772983	2.7079028338132494	2006.6950971661868	70.28900949530994	597.2210658225895	2.878394249676711	9.663352514449794	0.338032063568928	0.19146072238767697	0.24179296615061846	0.22871424789277678	0.0763985734255856	2.758451988644165E-4	2.7584519886441656E-4	-20340.622883772983	0.0	-162.40377457489967
57300	-20519.383632349774	-175.91001596994482	-20343.47361637983	2.7995140341474487	2006.6034859658525	70.94170490773466	597.2210658225895	2.597618635621381	9.663352514449794	0.338032063568928	0.19146072238767697	0.24179296615061846	0.22871424789277678	0.0763985734255856	2.590199666461359E-4	2.5901996664613584E-4	-20343.47361637983	0.0	-160.76491796926612
57400	-20513.76945383224	-170.3604671499175	-20343.408986682323	2.7995140341474487	2006.6034859658525	71.9102914666801	475.5088009360949	2.7066030165992156	9.663352514449794	0.338032063568928	0.19146072238767697	0.24179296615061846	0.22871424789277678	0.0763985734255856	2.590199666461359E-4	2.590199666461357E-4	-20343.408986682323	0.0	-155.5701951879364
57500	-20514.07533828025	-172.3404509895338	-20341.734887290717	2.872303917680288	2006.5306960823198	70.11387359182265	437.6096875097254	2.7066030165992156	9.663352514449794	0.338032063568928	0.19146072238767697	0.24170432861765506	0.22880288542574018	0.0763985734255856	2.621255242547564E-4	2.621255242547564E-4	-20341.734887290717	0.0	-157.65269212851905
57600	-20512.82245692669	-170.4987843960589	-20342.32367253063	2.727737926545158	2006.6752620734549	70.30203662033473	437.6096875097254	2.6474289861968705	9.663352514449794	0.338032063568928	0.19146072238767697	0.23615529555243386	0.23435191849096138	0.0763985734255856	2.621255242547564E-4	2.6212552425475657E-4	-20342.32367253063	0.0	-155.8129079944744
57700	-20518.298029010122	-172.33796686700387	-20345.96006214312	2.6680967639021342	2006.7349032360978	68.94811151700281	417.16826807674227	2.6474289861968705	9.663352514449794	0.338032063568928	0.19146072238767697	0.23615529555243386	0.23435191849096138	0.0763985734255856	2.723521595522196E-4	2.7235215955221965E-4	-20345.96006214312	0.0	-157.69111206696766
57800	-20520.960127143862	-172.59211951725956	-20348.368007626603	2.7121462503551585	2006.690853749645	69.62310918522535	389.88253173179817	2.6474289861968705	9.663352514449794	0.338032063568928	0.19146072238767697	0.23615529555243386	0.23435191849096138	0.0763985734255856	2.723521595522196E-4	2.723521595522195E-4	-20348.368007626603	0.0	-158.04481430326393
57900	-20524.939709795344	-174.10788439413886	-20350.831825401205	2.616031907998546	2006.7869680920014	69.03264619004513	401.59789489840887	2.68810559163276	9.464152778175203	0.338032063568928	0.19146072238767697	0.23615529555243386	0.23435191849096138	0.0763985734255856	2.825299500925892E-4	2.8252995009258924E-4	-20350.831825401205	0.0	-159.5333347394479
58000	-20521.849327012096	-172.31223381050125	-20349.537093201594	2.616031907998546	2006.7869680920014	68.37401271762133	401.59789489840887	2.6905412470250725	9.464152778175203	0.338032063568928	0.19146072238767697	0.23615529555243386	0.23435191849096138	0.0763985734255856	2.859896694497004E-4	2.859896694497005E-4	-20349.537093201594	0.0	-157.72673041261564
58100	-20520.114479259697	-171.236174914231	-20348.878304345468	2.616031907998546	2006.7869680920014	69.49919294205193	401.59789489840887	2.6905412470250725	9.464152778175203	0.338032063568928	0.19146072238767697	0.23615529555243386	0.23435191849096138	0.0763985734255856	2.859896694497004E-4	2.859896694497003E-4	-20348.878304345468	0.0	-156.65851088580055
58200	-20519.043565673463	-171.0855545241711	-20347.95801114929	2.616031907998546	2006.7869680920014	69.30751171191616	401.59789489840887	2.7852448130299066	9.464152778175203	0.338032063568928	0.19146072238767697	0.23615529555243386	0.23435191849096138	0.0763985734255856	2.859896694497004E-4	2.8598966944970005E-4	-20347.95801114929	0.0	-156.50561735606937
58300	-20515.294480110406	-169.54164977169586	-20345.75283033871	2.545972107121502	2006.8570278928785	67.66941026820429	401.59789489840887	2.752040031733917	12.773847850452178	0.338032063568928	0.19146072238767697	0.23615529555243386	0.23435191849096138	0.0763985734255856	2.6885740886568497E-4	2.688574088656849E-4	-20345.75283033871	0.0	-154.41449961160563
58400	-20515.78358333598	-169.5338184280975	-20346.24976490788	2.4371162009923664	2006.9658837990075	66.98960927798481	401.59789489840887	2.7837950806531815	13.399096169982696	0.33333552111992076	0.1961572648366842	0.23615529555243386	0.23435191849096138	0.0763985734255856	2.6861229585575775E-4	2.686122958557579E-4	-20346.24976490788	0.0	-154.3061140369451
58500	-20513.29748173083	-169.5520509299705	-20343.74543080086	2.664535237452779	2006.7384647625472	66.94513086055997	401.59789489840887	2.7837950806531815	13.399096169982696	0.33333552111992076	0.1961572648366842	0.23973501260805255	0.2307722014353427	0.0763985734255856	2.6730316220471633E-4	2.673031622047163E-4	-20343.74543080086	0.0	-154.32655683984206
58600	-20513.022974556246	-169.59287187037418	-20343.430102685874	2.5626574435426392	2006.8403425564575	65.69815591932839	401.59789489840887	2.938553430389905	13.399096169982696	0.33850708564775994	0.1961572648366842	0.24094898126229813	0.2243866682532579	0.0763985734255856	2.684591900318631E-4	2.68459190031863E-4	-20343.430102685874	0.0	-154.35452859753917
58700	-20516.141313103286	-170.6402228732707	-20345.501090230016	2.6393073337650663	2006.7636926662349	65.64338090688375	401.59789489840887	2.938553430389905	13.399096169982696	0.33850708564775994	0.1961572648366842	0.24094898126229813	0.2243866682532579	0.06915843531062454	3.607685225255866E-4	3.607685225255868E-4	-20345.501090230016	0.0	-155.26212922681796
58800	-20511.247960524124	-169.70303552539823	-20341.544924998725	2.6239878348517776	2006.7790121651483	64.75976854505969	460.3812484122556	2.938553430389905	13.399096169982696	0.33850708564775994	0.1961572648366842	0.24094898126229813	0.2243866682532579	0.035264235122283875	3.190601226067367E-4	3.190601226067371E-4	-20341.544924998725	0.0	-154.25515209811283
58900	-20513.675424079385	-170.349223916741	-20343.326200162643	2.6481984809223995	2006.7548015190775	64.15711138420333	460.3812484122556	2.938553430389905	11.133306760794063	0.33856594188632716	0.1961572648366842	0.24094898126229813	0.2243278120146907	0.035264235122283875	2.7642525419964415E-4	2.764252541996442E-4	-20343.326200162643	0.0	-155.33469907552137
59000	-20517.36816101632	-170.52388939323828	-20346.84427162308	2.6481984809223995	2006.7548015190775	63.400955154404166	460.3812484122556	2.8260831122084387	11.133306760794063	0.33856594188632716	0.1961572648366842	0.24094898126229813	0.2243278120146907	0.035264235122283875	2.7642525419964415E-4	2.764252541996444E-4	-20346.84427162308	0.0	-155.50477026906773
59100	-20519.215775657816	-170.14914857310686	-20349.06662708471	2.6481984809223995	2006.7548015190775	63.477647649248794	318.2910871027089	2.835647496189821	10.203188511140942	0.33856594188632716	0.1961572648366842	0.24094898126229813	0.2243278120146907	0.035264235122283875	3.416736469136373E-4	3.4167364691363715E-4	-20349.06662708471	0.0	-155.6947555400724
59200	-20512.934507556707	-167.68755899191223	-20345.246948564796	2.5847485211559387	2006.818251478844	63.949121776199675	318.2910871027089	2.835647496189821	10.203188511140942	0.33856594188632716	0.1961572648366842	0.24094898126229813	0.2243278120146907	0.035264235122283875	3.164086925294846E-4	3.164086925294848E-4	-20345.246948564796	0.0	-153.27673118048324
59300	-20509.27270487635	-168.41716226666426	-20340.855542609686	2.5847485211559387	2006.818251478844	63.909776834830836	318.2910871027089	2.835647496189821	10.203188511140942	0.33856594188632716	0.1961572648366842	0.24094898126229813	0.2243278120146907	0.035264235122283875	3.164086925294846E-4	3.1640869252948456E-4	-20340.855542609686	0.0	-154.0060391827343
59400	-20510.065933161433	-170.18030776404595	-20339.885625397386	2.5847485211559387	2006.818251478844	64.10832938405136	371.43604935141514	2.7411927400681506	12.536724240843226	0.33856594188632716	0.1898116380293538	0.24094898126229813	0.2306734388220211	0.14635182271463587	3.0533984060334963E-4	3.053398406033497E-4	-20339.885625397386	0.0	-154.96666638389152
59500	-20508.79416057639	-167.92112292133007	-20340.873037655063	2.5681837590573275	2006.8348162409427	64.37345482797798	308.16973094698966	2.7411927400681506	12.536724240843226	0.33856594188632716	0.1898116380293538	0.24094898126229813	0.2306734388220211	0.14635182271463587	3.0416774679814203E-4	3.0416774679814165E-4	-20340.873037655063	0.0	-152.96126818229936
59600	-20512.02370179392	-166.2573942615073	-20345.766307532413	2.5681837590573275	2006.8348162409427	64.88386288141588	308.16973094698966	2.7411927400681506	11.085737779368957	0.33856594188632716	0.1898116380293538	0.2382945094260916	0.23332791065822764	0.14635182271463587	3.0416774679814203E-4	3.041677467981419E-4	-20345.766307532413	0.0	-151.53983355138578
59700	-20512.204928770596	-168.9487325766892	-20343.256196193906	2.6210518931436058	2006.7819481068564	65.31878551173392	308.16973094698966	2.7471664106388425	11.085737779368957	0.33756144449619924	0.1908161354194817	0.2382945094260916	0.23332791065822764	0.14635182271463587	3.0416774679814203E-4	3.041677467981419E-4	-20343.256196193906	0.0	-154.23432020449113
59800	-20511.09216694277	-169.64693428279253	-20341.44523265998	2.610970189053193	2006.7920298109468	64.58840312116276	352.61037253377634	2.7471664106388425	11.085737779368957	0.33756144449619924	0.19554019021535698	0.2382945094260916	0.22860385586235235	0.03860367710433052	3.2477077043712436E-4	3.247707704371243E-4	-20341.44523265998	0.0	-154.9294982032337
59900	-20504.06522955885	-166.2928594201969	-20337.772370138653	2.4360696939045066	2006.9669303060955	59.52887361600671	352.61037253377634	2.8186321552402736	11.085737779368957	0.33756144449619924	0.19554019021535698	0.2382945094260916	0.22860385586235235	0.03860367710433052	3.133911619736168E-4	3.133911619736168E-4	-20337.772370138653	0.0	-151.55407632174266
60000	-20504.961188337355	-164.4510529190098	-20340.510135418346	2.528631526520921	2006.874368473479	60.846848541904095	352.61037253377634	2.9078738182269754	11.085737779368957	0.33756144449619924	0.19554019021535698	0.2382945094260916	0.22860385586235235	0.03860367710433052	3.1548460007143356E-4	3.154846000714334E-4	-20340.510135418346	0.0	-149.71845739374095
60100	-20510.062187591215	-165.14414678461003	-20344.918040806606	2.528631526520921	2006.874368473479	60.88054013617505	259.2665562970287	2.9078738182269754	11.085737779368957	0.33756144449619924	0.19554019021535698	0.2382945094260916	0.22860385586235235	0.12003602416530301	3.1444964102123827E-4	3.144496410212382E-4	-20344.918040806606	0.0	-150.6512019778194
60200	-20509.821782661318	-165.54511258515714	-20344.27667007616	2.420610808077682	2006.9823891919223	60.68941644669555	259.2665562970287	2.797695849656723	11.085737779368957	0.33756144449619924	0.19554019021535698	0.2382945094260916	0.22860385586235235	0.12003602416530301	3.098114131448395E-4	3.098114131448396E-4	-20344.27667007616	0.0	-151.05946910344213
60300	-20513.480194833173	-169.82098715220764	-20343.659207680965	2.521041714072533	2006.8819582859276	62.90408686067719	274.27759636058755	2.472564607290632	11.085737779368957	0.33756144449619924	0.19554019021535698	0.2382945094260916	0.22860385586235235	0.12003602416530301	2.9746943532828917E-4	2.9746943532828917E-4	-20343.659207680965	0.0	-155.3056934946645
60400	-20518.192327353478	-167.38015335352682	-20350.81217399995	2.730349506124304	2006.6726504938756	62.58452711366236	220.0708943869782	2.472564607290632	11.085737779368957	0.33756144449619924	0.19554019021535698	0.2382945094260916	0.22860385586235235	0.12003602416530301	3.254286059876397E-4	3.254286059876395E-4	-20350.81217399995	0.0	-153.0899200927748
60500	-20515.153500606826	-168.1962795100744	-20346.957221096753	2.730349506124304	2006.6726504938756	63.587827963694465	270.49702093849345	2.5719865167493627	11.085737779368957	0.33756144449619924	0.19554019021535698	0.2382945094260916	0.22860385586235235	0.12003602416530301	2.8027597315814545E-4	2.802759731581456E-4	-20346.957221096753	0.0	-153.7337017046291
60600	-20517.09168600077	-172.5080569191048	-20344.583629081666	2.730349506124304	2006.6726504938756	63.17812412538861	270.49702093849345	2.331153162751123	11.085737779368957	0.33756144449619924	0.19554019021535698	0.2382945094260916	0.22860385586235235	0.12003602416530301	2.988799212544692E-4	2.9887992125446924E-4	-20344.583629081666	0.0	-158.01146135519065
60700	-20513.248987662333	-170.68382541367052	-20342.565162248662	3.0650157519265555	2006.3379842480736	68.24871894711461	218.05361183111003	2.331153162751123	11.085737779368957	0.33756144449619924	0.19554019021535698	0.2382945094260916	0.22860385586235235	0.12003602416530301	2.799064441072703E-4	2.7990644410727023E-4	-20342.565162248662	0.0	-156.5261507981049
60800	-20513.529066313557	-172.21643033197853	-20341.31263598158	2.8772326785471933	2006.5257673214528	65.94766280714583	218.05361183111003	2.331153162751123	11.085737779368957	0.33756144449619924	0.19554019021535698	0.2382945094260916	0.22860385586235235	0.12003602416530301	2.7646755495786473E-4	2.7646755495786457E-4	-20341.31263598158	0.0	-158.04865894495003
60900	-20514.799360523037	-173.96028454915853	-20340.83907597388	2.8772326785471933	2006.5257673214528	65.86491879258291	153.6549487056667	2.2415374809313815	11.085737779368957	0.33756144449619924	0.19554019021535698	0.2382945094260916	0.22860385586235235	0.11731133280334037	2.836641145279638E-4	2.836641145279639E-4	-20340.83907597388	0.0	-160.19901124589458
61000	-20513.053053641022	-169.79280175294807	-20343.260251888074	2.649329868732632	2006.7536701312674	59.4106156476127	153.6549487056667	2.2415374809313815	11.085737779368957	0.33756144449619924	0.19554019021535698	0.2382945094260916	0.22860385586235235	0.12943007896029426	3.279884008195733E-4	3.2798840081957326E-4	-20343.260251888074	0.0	-155.8823282603004
61100	-20514.337916495835	-174.23946669293744	-20340.0984498029	2.7073950285111663	2006.6956049714888	63.35731877994524	208.26456594743232	2.2415374809313815	11.085737779368957	0.33756144449619924	0.19554019021535698	0.2382945094260916	0.22860385586235235	0.2272612525210653	3.1621284176070114E-4	3.1621284176070087E-4	-20340.0984498029	0.0	-159.8248173092581
61200	-20521.233152700428	-180.68052837941173	-20340.552624321015	3.0084931647320534	2006.394506835268	71.59073515667164	135.25112059478292	1.8796798140498585	11.085737779368957	0.33756144449619924	0.19554019021535698	0.2382945094260916	0.22860385586235235	0.2272612525210653	2.845654049576538E-4	2.8456540495765375E-4	-20340.552624321015	0.0	-166.88723134015962
61300	-20522.47254353994	-180.79668437455786	-20341.675859165385	3.1858969076307786	2006.2171030923691	71.09568217093157	132.12288043126574	1.8796798140498585	11.085737779368957	0.33756144449619924	0.19554019021535698	0.2382945094260916	0.22860385586235235	0.2272612525210653	2.845654049576538E-4	2.8456540495765386E-4	-20341.675859165385	0.0	-167.0265643195904
61400	-20526.432341775566	-178.62492087192751	-20347.80742090364	3.1815813220124585	2006.2214186779875	71.63471910938843	132.12288043126574	1.8386330440353766	11.085737779368957	0.33756144449619924	0.19554019021535698	0.2382945094260916	0.22860385586235235	0.2272612525210653	2.6793760655785857E-4	2.6793760655785857E-4	-20347.80742090364	0.0	-164.89013013790785
61500	-20523.83499291675	-182.17860151041592	-20341.656391406334	3.1815813220124585	2006.2214186779875	72.98109584731021	132.12288043126574	1.8386330440353766	11.085737779368957	0.33756144449619924	0.19554019021535698	0.2382945094260916	0.22860385586235235	0.20817975741229375	2.6793760655785857E-4	2.679376065578585E-4	-20341.656391406334	0.0	-168.49092331486077
61600	-20526.213100462573	-184.8670305133843	-20341.346069949188	3.150977853224591	2006.2520221467755	72.96643463769651	245.86107356540057	1.8382393235992112	12.267521219823866	0.33756144449619924	0.19554019021535698	0.2382945094260916	0.22860385586235235	0.20817975741229375	2.705399162411837E-4	2.7053991624118365E-4	-20341.346069949188	0.0	-170.24437845786167
61700	-20523.337419736094	-184.72379821782067	-20338.613621518274	3.246209840748956	2006.1567901592512	78.92041998130827	245.86107356540057	1.8350810703957268	12.267521219823866	0.33756144449619924	0.19554019021535698	0.2382945094260916	0.22860385586235235	0.20817975741229375	2.5490789561314036E-4	2.5490789561314036E-4	-20338.613621518274	0.0	-170.16977955609093
61800	-20524.54170597206	-184.88063798428522	-20339.661067987774	3.2075489015361653	2006.1954510984638	79.11208009573643	245.86107356540057	1.997768615968964	12.267521219823866	0.33875580230663405	0.19434583240492218	0.2382945094260916	0.22860385586235235	0.20817975741229375	2.5490789561314036E-4	2.549078956131402E-4	-20339.661067987774	0.0	-170.32615638125012
61900	-20525.7355706112	-185.1374924996958	-20340.598078111503	3.0577322262813094	2006.3452677737187	80.96667803296653	245.86107356540057	1.7206996886415178	11.312688879340097	0.33875580230663405	0.19434583240492218	0.2382945094260916	0.22860385586235235	0.20817975741229375	2.6068903951476747E-4	2.6068903951476726E-4	-20340.598078111503	0.0	-170.74229263589
62000	-20525.533003903496	-186.84257954368616	-20338.69042435981	3.2735775658985453	2006.1294224341016	86.35875538380685	245.86107356540057	1.7206996886415178	11.312688879340097	0.33875580230663405	0.19434583240492218	0.2382945094260916	0.22860385586235235	0.20817975741229375	2.416764119643474E-4	2.4167641196434745E-4	-20338.69042435981	0.0	-172.5177164775963
62100	-20526.49393705392	-187.9461072396988	-20338.547829814222	3.5796811427906006	2005.8233188572094	84.8484149209504	445.1645068013536	1.9384579124016637	11.312688879340097	0.33875580230663405	0.19434583240492218	0.2382945094260916	0.22860385586235235	0.20817975741229375	2.460584588549799E-4	2.460584588549799E-4	-20338.547829814222	0.0	-172.80886611325826
62200	-20530.581620924007	-190.63041093619574	-20339.951209987812	3.763480316790879	2005.639519683209	88.35510266210702	445.1645068013536	1.937885954691781	11.312688879340097	0.3416612064987925	0.19144042821276372	0.2382945094260916	0.22860385586235235	0.20817975741229375	2.364424868186701E-4	2.3644248681866997E-4	-20339.951209987812	0.0	-175.53334319599776
62300	-20533.66913533031	-187.9271472923746	-20345.741988037935	3.3777365056283513	2006.0252634943718	82.30910538830983	332.10105439080144	2.0622826993246886	13.523975702781145	0.3416612064987925	0.19144042821276372	0.2382945094260916	0.22860385586235235	0.20817975741229375	2.5033362520202995E-4	2.503336252020299E-4	-20345.741988037935	0.0	-172.8192381025969
62400	-20529.713107165167	-187.6906322690819	-20342.022474896086	3.3777365056283513	2006.0252634943718	83.30966852537864	417.88286021144944	2.0622826993246886	13.523975702781145	0.3416612064987925	0.19144042821276372	0.2382945094260916	0.22860385586235235	0.2160028799392635	2.098915688132916E-4	2.098915688132916E-4	-20342.022474896086	0.0	-172.34902485061326
62500	-20533.791601807672	-188.9839735136362	-20344.807628294035	3.3800178664577563	2006.0229821335422	83.31874570293809	417.88286021144944	1.9409019672600942	13.523975702781145	0.3416612064987925	0.19144042821276372	0.2382945094260916	0.22860385586235235	0.2160028799392635	2.098915688132916E-4	2.0989156881329177E-4	-20344.807628294035	0.0	-173.6436324728335
62600	-20535.557237766094	-191.5152957544406	-20344.041942011652	3.563508189185486	2005.8394918108145	88.79005804420838	417.88286021144944	2.0154430468368827	13.523975702781145	0.3416612064987925	0.19144042821276372	0.2382945094260916	0.22860385586235235	0.2160028799392635	1.9908394058438514E-4	1.9908394058438516E-4	-20344.041942011652	0.0	-176.23225334698822
62700	-20534.818819952532	-190.40029859565203	-20344.41852135688	3.618213973160822	2005.7847860268391	91.75108627681291	417.88286021144944	1.7679753977208736	13.523975702781145	0.3416612064987925	0.19144042821276372	0.2382945094260916	0.22860385586235235	0.2160028799392635	1.9908394058438514E-4	1.9908394058438503E-4	-20344.41852135688	0.0	-175.13554369233472
62800	-20535.685231898377	-190.34278594820802	-20345.34244595017	3.907076420732917	2005.4959235792671	94.39922870259356	362.06553915026905	1.7679753977208736	13.523975702781145	0.3416612064987925	0.19144042821276372	0.2382945094260916	0.22860385586235235	0.2160028799392635	1.892731921883568E-4	1.8927319218835668E-4	-20345.34244595017	0.0	-175.31697417183395
62900	-20532.23184256687	-189.93853258169463	-20342.293309985176	3.997070374202183	2005.4059296257979	96.45856470683279	362.06553915026905	1.7256499552178743	13.523975702781145	0.3416612064987925	0.19144042821276372	0.2382945094260916	0.22860385586235235	0.2160028799392635	1.892731921883568E-4	1.892731921883567E-4	-20342.293309985176	0.0	-174.92354459877794
63000	-20527.26026723564	-188.93821656700396	-20338.322050668638	3.849406387672138	2005.5535936123279	93.04600119560905	339.7128458116469	1.7256499552178743	13.523975702781145	0.3416612064987925	0.19144042821276372	0.2382945094260916	0.22860385586235235	0.2160028799392635	1.9653374908650798E-4	1.965337490865079E-4	-20338.322050668638	0.0	-173.97238131586283
63100	-20529.228841450687	-190.12711074329246	-20339.101730707396	3.861044220838009	2005.541955779162	91.37033181264734	339.7128458116469	1.7256499552178743	13.523975702781145	0.3416612064987925	0.19144042821276372	0.2382945094260916	0.22860385586235235	0.2160028799392635	1.9653374908650798E-4	1.9653374908650798E-4	-20339.101730707396	0.0	-175.15251822831655
63200	-20529.515397908304	-191.7728965489059	-20337.7425013594	3.8485979687686647	2005.5544020312313	92.7245580108398	339.7128458116469	1.7256499552178743	13.523975702781145	0.3416612064987925	0.19144042821276372	0.2382945094260916	0.22860385586235235	0.2160028799392635	2.0909435466799064E-4	2.090943546679909E-4	-20337.7425013594	0.0	-176.77325375016457
63300	-20532.55131736184	-190.3708071593185	-20342.18051020252	3.8485979687686647	2005.5544020312313	91.95892500871574	275.4037722684335	1.7256499552178743	13.523975702781145	0.3416612064987925	0.19144042821276372	0.2382945094260916	0.22860385586235235	0.2160028799392635	2.0909435466799064E-4	2.0909435466799072E-4	-20342.18051020252	0.0	-175.64114039393203
63400	-20526.904260335396	-186.60555075674074	-20340.298709578656	3.528730843442927	2005.8742691565571	85.10060885649705	275.4037722684335	1.7256499552178743	13.523975702781145	0.3416612064987925	0.19144042821276372	0.2382945094260916	0.22860385586235235	0.2160028799392635	2.2707130396736034E-4	2.270713039673602E-4	-20340.298709578656	0.0	-171.79579502990168
63500	-20528.022133528655	-187.02109224894798	-20341.001041279706	3.855273496436582	2005.5477265035634	85.14650390906225	231.8110114268844	1.6462672872006296	13.523975702781145	0.3416612064987925	0.19144042821276372	0.2382945094260916	0.22860385586235235	0.2160028799392635	2.4609819300154073E-4	2.460981930015407E-4	-20341.001041279706	0.0	-172.38627246199292
63600	-20529.65361309838	-188.52480490977808	-20341.1288081886	3.8997256299137133	2005.5032743700863	86.36792926827916	231.8110114268844	1.6462672872006296	13.523975702781145	0.3416612064987925	0.19144042821276372	0.2382945094260916	0.22860385586235235	0.2160028799392635	2.58364356530633E-4	2.583643565306331E-4	-20341.1288081886	0.0	-173.87142655970507
63700	-20531.409499990074	-187.93452630055228	-20343.47497368952	3.8541363858121898	2005.548863614188	85.93132589506762	231.8110114268844	1.6462672872006296	13.523975702781145	0.3416612064987925	0.19144042821276372	0.2382945094260916	0.22860385586235235	0.2160028799392635	2.614204589976779E-4	2.614204589976779E-4	-20343.47497368952	0.0	-173.27258452899224
63800	-20531.53118237098	-188.6929027880642	-20342.838279582917	3.6163613684003706	2005.7866386315995	85.04080093107653	231.8110114268844	1.644506900280739	13.523975702781145	0.3416612064987925	0.19144042821276372	0.2382945094260916	0.22860385586235235	0.2160028799392635	2.1887885681083687E-4	2.1887885681083676E-4	-20342.838279582917	0.0	-174.1184263761167
63900	-20532.669294607582	-189.343515054328	-20343.325779553255	3.6163613684003706	2005.7866386315995	87.27614956523566	296.3336713867416	1.8900868793644356	13.523975702781145	0.3416612064987925	0.19144042821276372	0.2382945094260916	0.22860385586235235	0.2160028799392635	2.1887885681083687E-4	2.1887885681083687E-4	-20343.325779553255	0.0	-174.4692258580669
64000	-20538.054240764865	-188.15521897334096	-20349.899021791523	3.6163613684003706	2005.7866386315995	85.93317364915146	297.10278160259577	1.8578220613880185	13.523975702781145	0.3416612064987925	0.19144042821276372	0.2382945094260916	0.22860385586235235	0.2160028799392635	2.1887885681083687E-4	2.1887885681083687E-4	-20349.899021791523	0.0	-173.27043415829888
64100	-20536.227492127044	-187.3557449414916	-20348.871747185553	3.6163613684003706	2005.7866386315995	83.60189654379138	205.069970184101	1.7667869195783152	13.523975702781145	0.3416612064987925	0.19144042821276372	0.2382945094260916	0.22860385586235235	0.2160028799392635	2.1642046961292485E-4	2.164204696129247E-4	-20348.871747185553	0.0	-172.9268710313552
64200	-20539.63045667669	-189.38402152472898	-20350.24643515196	3.7866956228361213	2005.616304377164	83.7379678719165	205.069970184101	1.5109672464999155	13.523975702781145	0.3416612064987925	0.19144042821276372	0.2382945094260916	0.22860385586235235	0.2160028799392635	2.1735034388298448E-4	2.1735034388298442E-4	-20350.24643515196	0.0	-174.95626793786045
64300	-20538.59725458851	-190.50694944456382	-20348.090305143945	3.994775331314271	2005.4082246686858	88.58248051978164	205.069970184101	1.5132737764618147	13.523975702781145	0.3416612064987925	0.19144042821276372	0.2382945094260916	0.22860385586235235	0.2160028799392635	2.1814639575191793E-4	2.1814639575191793E-4	-20348.090305143945	0.0	-176.10434220471703
64400	-20541.639486442928	-190.9517328531054	-20350.687753589824	4.049178576691196	2005.3538214233088	88.3256471112122	205.069970184101	1.5294755067912778	13.523975702781145	0.3416612064987925	0.19144042821276372	0.2382945094260916	0.22860385586235235	0.2160028799392635	2.1673067239565296E-4	2.1673067239565296E-4	-20350.687753589824	0.0	-176.55094834508705
64500	-20548.659741902226	-192.00619032620563	-20356.65355157602	3.7985156583216235	2005.6044843416785	86.04471442454438	167.33949161974377	1.5294755067912778	13.523975702781145	0.3416612064987925	0.19144042821276372	0.2382945094260916	0.22860385586235235	0.2160028799392635	2.1673067239565296E-4	2.1673067239565298E-4	-20356.65355157602	0.0	-177.8336722125427
64600	-20543.831409836435	-191.0568579042914	-20352.774551932143	3.890424912578406	2005.5125750874215	84.87302448669406	217.09443578477328	1.5294755067912778	8.965741734647208	0.3416612064987925	0.19144042821276372	0.2382945094260916	0.22860385586235235	0.2160028799392635	2.3544034174575478E-4	2.3544034174575464E-4	-20352.774551932143	0.0	-177.30402431761695
64700	-20536.935638714942	-188.9040789168929	-20348.031559798048	3.4948771689278364	2005.9081228310722	81.70226017164443	217.09443578477328	1.573846401574132	8.965741734647208	0.3416612064987925	0.19144042821276372	0.2382945094260916	0.22860385586235235	0.2160028799392635	2.3621354845544494E-4	2.3621354845544519E-4	-20348.031559798048	0.0	-175.13080829884024
64800	-20534.289965996497	-187.8594495861154	-20346.430516410383	3.4948771689278364	2005.9081228310722	81.6066555207953	162.4261676337829	1.5214127001830586	8.965741734647208	0.3416612064987925	0.19144042821276372	0.2382945094260916	0.22860385586235235	0.27280857292644095	2.3621354845544494E-4	2.3621354845544505E-4	-20346.430516410383	0.0	-174.31701614060836
64900	-20528.25792086221	-187.98246885323994	-20340.27545200897	3.62257885402419	2005.7804211459759	82.16428651679506	162.4261676337829	1.5214127001830586	9.95550172221277	0.3410111237563206	0.19209051095523563	0.2382945094260916	0.22860385586235235	0.27280857292644095	2.3621354845544494E-4	2.3621354845544502E-4	-20340.27545200897	0.0	-174.25510616595002
65000	-20534.197635825178	-188.22657807846903	-20345.97105774671	3.62257885402419	2005.7804211459759	82.39682280719961	177.3142899356292	1.5214127001830586	9.95550172221277	0.3410111237563206	0.18839510597161752	0.2419899144097097	0.22860385586235235	0.27280857292644095	2.3621354845544494E-4	2.3621354845544497E-4	-20345.97105774671	0.0	-174.39807284956464
65100	-20530.616592314935	-184.04141286519146	-20346.575179449745	3.3387060777533173	2006.0642939222466	76.09695516498411	160.76556508684587	1.6582600212393983	9.95550172221277	0.3410111237563206	0.18839510597161752	0.2419899144097097	0.22860385586235235	0.27280857292644095	2.562975553225495E-4	2.5629755532254956E-4	-20346.575179449745	0.0	-170.2453555857707
65200	-20523.64352755531	-185.0666909893863	-20338.57683656592	3.33641398646608	2006.0665860135339	76.40238437911934	153.69357069668163	1.6582600212393983	9.95550172221277	0.3410111237563206	0.18839510597161752	0.2419899144097097	0.22860385586235235	0.27280857292644095	2.3595568920279833E-4	2.3595568920279844E-4	-20338.57683656592	0.0	-171.36747332965547
65300	-20530.15319966266	-185.66359093211474	-20344.489608730546	3.087704478425038	2006.315295521575	74.58297165917608	153.69357069668163	1.6582600212393983	9.95550172221277	0.3410111237563206	0.18839510597161752	0.2419899144097097	0.22860385586235235	0.27280857292644095	2.388023361937319E-4	2.388023361937319E-4	-20344.489608730546	0.0	-171.94654335159018
65400	-20529.859296984643	-184.62288806364592	-20345.236408921	3.087704478425038	2006.315295521575	75.51245444698324	153.69357069668163	1.6582600212393983	9.95550172221277	0.3410111237563206	0.18839510597161752	0.2419899144097097	0.22860385586235235	0.27280857292644095	2.388023361937319E-4	2.3880233619373182E-4	-20345.236408921	0.0	-170.9118112119605
65500	-20529.893483106407	-189.93764190465038	-20339.955841201758	3.3289442247901264	2006.07405577521	84.3611306973979	153.69357069668163	1.6582600212393983	9.95550172221277	0.3410111237563206	0.18839510597161752	0.2419899144097097	0.22860385586235235	0.27280857292644095	2.1899886254760483E-4	2.189988625476049E-4	-20339.955841201758	0.0	-176.3248120043918
65600	-20525.792756906736	-187.5808829363474	-20338.211873970387	3.383830511232527	2006.0191694887676	85.77774207079587	241.9055783379677	1.6582600212393983	9.95550172221277	0.3410111237563206	0.18839510597161752	0.2419899144097097	0.22860385586235235	0.27280857292644095	2.1899886254760483E-4	2.1899886254760485E-4	-20338.211873970387	0.0	-173.43472411925015
65700	-20526.053767698468	-189.3365712276516	-20336.717196470818	3.383830511232527	2006.0191694887676	85.91102730301749	234.54807864226927	1.6445564037740965	9.95550172221277	0.3410111237563206	0.18839510597161752	0.2419899144097097	0.22860385586235235	0.27280857292644095	2.1899886254760483E-4	2.1899886254760477E-4	-20336.717196470818	0.0	-175.22951007405442
65800	-20524.801572164473	-188.90152614342998	-20335.900046021045	3.3270389634832083	2006.075961036517	85.28714164602765	234.54807864226927	1.6445564037740965	9.95550172221277	0.3351983115206131	0.18839510597161752	0.24780272664541722	0.22860385586235235	0.11301290015175762	2.269537652082413E-4	2.2695376520824137E-4	-20335.900046021045	0.0	-175.09203037604925
65900	-20528.320214190942	-189.2332838333322	-20339.08693035761	3.3308773292291627	2006.0721226707708	83.52286870200176	234.54807864226927	1.6445564037740965	9.95550172221277	0.3351983115206131	0.18839510597161752	0.24780272664541722	0.22860385586235235	0.11301290015175762	2.269537652082413E-4	2.2695376520824126E-4	-20339.08693035761	0.0	-175.41373685964638
66000	-20537.066682542107	-193.31309217062628	-20343.75359037148	3.6610862804049735	2005.741913719595	90.12586803009297	234.54807864226927	1.4373928982312476	9.991296859374234	0.3351983115206131	0.18839510597161752	0.24780272664541722	0.22860385586235235	0.11301290015175762	2.1473537801632928E-4	2.147353780163291E-4	-20343.75359037148	0.0	-179.55435776918713
66100	-20532.403811481287	-192.79681784776068	-20339.606993633526	3.715466141592212	2005.6875338584077	89.75368261831507	180.41589884740466	1.4373928982312476	9.991296859374234	0.3351983115206131	0.18839510597161752	0.24113835435243444	0.23526822815533513	0.11301290015175762	2.1682913949110148E-4	2.168291394911012E-4	-20339.606993633526	0.0	-179.3473204040123
66200	-20532.5539297251	-191.18503790640622	-20341.368891818696	3.73838877785469	2005.6646112221454	90.13702606952386	180.41589884740466	1.5091658391517229	9.991296859374234	0.3351983115206131	0.18839510597161752	0.24113835435243444	0.23526822815533513	0.11301290015175762	2.2931224746320332E-4	2.2931224746320327E-4	-20341.368891818696	0.0	-177.7077579394021
66300	-20528.74830280316	-190.0289428199281	-20338.71935998323	3.73838877785469	2005.6646112221454	88.21833796920761	180.41589884740466	1.5091658391517229	9.991296859374234	0.3351983115206131	0.1930585924595001	0.24113835435243444	0.23060474166745254	0.11301290015175762	2.2931224746320332E-4	2.2931224746320343E-4	-20338.71935998323	0.0	-176.54134474686296
66400	-20528.136017530254	-189.6586195953223	-20338.477397934934	3.706966270053393	2005.6960337299465	89.40913914316955	180.41589884740466	1.5091658391517229	9.991296859374234	0.3351983115206131	0.1930585924595001	0.24113835435243444	0.23060474166745254	0.11301290015175762	2.3125603798081752E-4	2.3125603798081746E-4	-20338.477397934934	0.0	-176.17305824643682
66500	-20529.945598548224	-187.0260296409502	-20342.919568907273	3.456002575116524	2005.9469974248834	86.70714337193924	173.32226441576188	1.4851798656272819	9.991296859374234	0.3351983115206131	0.1930585924595001	0.24113835435243444	0.23060474166745254	0.11301290015175762	2.177178874973563E-4	2.177178874973564E-4	-20342.919568907273	0.0	-173.60449181609033
66600	-20532.003347836137	-187.3187823751642	-20344.68456546097	3.456002575116524	2005.9469974248834	86.03743970534184	173.32226441576188	1.4851798656272819	9.991296859374234	0.3351983115206131	0.1930585924595001	0.24113835435243444	0.23060474166745254	0.11301290015175762	2.2525333145878617E-4	2.2525333145878622E-4	-20344.68456546097	0.0	-173.87585238594224
66700	-20531.496408826733	-190.438295761012	-20341.058113065723	4.174864557052339	2005.2281354429476	84.12486328495343	173.32226441576188	1.4873975035666824	9.991296859374234	0.3351983115206131	0.1930585924595001	0.24113835435243444	0.23060474166745254	0.11301290015175762	2.198285173373932E-4	2.198285173373934E-4	-20341.058113065723	0.0	-176.99717953464722
66800	-20528.67768506204	-190.62641106342105	-20338.05127399862	3.6439464626065314	2005.7590535373936	82.70921838192614	173.32226441576188	1.5954024982916946	9.991296859374234	0.3351983115206131	0.1930585924595001	0.24113835435243444	0.23060474166745254	0.11301290015175762	2.198285173373932E-4	2.198285173373933E-4	-20338.05127399862	0.0	-177.17604043659594
66900	-20526.955583869683	-191.94766728297424	-20335.00791658671	3.9323128408384167	2005.4706871591616	86.23621394813955	187.97833131974414	1.5954024982916946	9.991296859374234	0.3351983115206131	0.1930585924595001	0.24113835435243444	0.23060474166745254	0.11301290015175762	2.1281425118844306E-4	2.1281425118844315E-4	-20335.00791658671	0.0	-178.43847087329212
67000	-20525.101733730426	-192.4490390892318	-20332.652694641194	3.9323128408384167	2005.4706871591616	87.61940120228644	354.90553539586335	1.7450162024133837	9.991296859374234	0.3351983115206131	0.1930585924595001	0.24113835435243444	0.23060474166745254	0.11301290015175762	2.2259848563523871E-4	2.2259848563523855E-4	-20332.652694641194	0.0	-178.12085941974547
67100	-20524.580954709065	-189.22573142937526	-20335.35522327969	4.068866197911039	2005.334133802089	83.61117398323934	265.4271960742831	1.7450162024133837	9.991296859374234	0.3351983115206131	0.1930585924595001	0.24113835435243444	0.23060474166745254	0.11301290015175762	2.3147569523249454E-4	2.3147569523249457E-4	-20335.35522327969	0.0	-175.23443538687403
67200	-20523.714032458913	-189.49592426476946	-20334.21810819414	4.068866197911039	2005.334133802089	83.35410413860333	286.99545691890404	1.7450162024133837	9.991296859374234	0.3351983115206131	0.1930585924595001	0.24113835435243444	0.23060474166745254	0.11301290015175762	2.3147569523249454E-4	2.3147569523249457E-4	-20334.21810819414	0.0	-175.40353213350457
67300	-20523.057383151132	-188.24963920633024	-20334.807743944802	4.068866197911039	2005.334133802089	84.05122091493514	286.99545691890404	1.7036417797423251	9.991296859374234	0.3351983115206131	0.1930585924595001	0.24113835435243444	0.23060474166745254	0.11301290015175762	2.3147569523249454E-4	2.3147569523249457E-4	-20334.807743944802	0.0	-174.16166372270382
67400	-20529.1491268938	-192.48498079244752	-20336.664146101353	3.851618119693772	2005.5513818803063	94.96957519491795	292.0903664049023	1.7036417797423251	9.991296859374234	0.3322285683111998	0.19215719822686095	0.24113835435243444	0.234475879109505	0.11301290015175762	1.985473498300202E-4	1.9854734983002024E-4	-20336.664146101353	0.0	-178.5127197428802
67500	-20524.739911743072	-190.3283946959469	-20334.411517047127	3.7791564655121204	2005.6238435344878	86.7025828756189	361.29759261961374	1.7036417797423251	9.991296859374234	0.3322285683111998	0.19215719822686095	0.24113835435243444	0.234475879109505	0.11301290015175762	2.1318215822638584E-4	2.1318215822638595E-4	-20334.411517047127	0.0	-175.993776676891
67600	-20522.685383240227	-189.6314655575741	-20333.053917682653	3.7791564655121204	2005.6238435344878	88.2718257770631	361.29759261961374	1.8920030526559812	9.991296859374234	0.3322285683111998	0.19215719822686095	0.24113835435243444	0.234475879109505	0.11301290015175762	2.1318215822638584E-4	2.1318215822638593E-4	-20333.053917682653	0.0	-175.30359804546399
67700	-20523.410930326027	-189.11010380488176	-20334.300826521147	3.8078540799785	2005.5951459200214	88.3834192034785	361.29759261961374	1.903311764725949	9.991296859374234	0.3322285683111998	0.19215719822686095	0.24113835435243444	0.234475879109505	0.11301290015175762	2.2753783121586484E-4	2.275378312158647E-4	-20334.300826521147	0.0	-174.7488775580619
67800	-20521.062463702976	-183.54422681912143	-20337.518236883854	3.1252588870621496	2006.277741112938	77.62294944663364	196.06752430764996	1.9729015095024238	8.104780374007202	0.3322285683111998	0.1991966746201056	0.24113835435243444	0.22743640271626034	0.11301290015175762	2.380381477399446E-4	2.3803814773994445E-4	-20337.518236883854	0.0	-170.2419136523897
67900	-20521.758404561104	-182.16855313889596	-20339.589851422206	3.1252588870621496	2006.277741112938	76.37972391639437	192.93395733596915	1.9729015095024238	8.104780374007202	0.3322285683111998	0.1991966746201056	0.24113835435243444	0.22743640271626034	0.11301290015175762	2.205935967826378E-4	2.2059359678263773E-4	-20339.589851422206	0.0	-168.91707844877521
68000	-20516.13324017528	-182.29474033890097	-20333.83849983638	3.2364993834094777	2006.1665006165906	78.70232013174588	274.023435713758	1.9350123861362434	8.104780374007202	0.3322285683111998	0.1991966746201056	0.24113835435243444	0.22743640271626034	0.11301290015175762	2.6357719778804855E-4	2.635771977880485E-4	-20333.83849983638	0.0	-168.53411055056014
68100	-20528.63190206056	-185.7208502424454	-20342.911051818115	3.682833342365504	2005.7201666576345	81.25871933421224	436.60522952884156	2.0731413491945916	8.104780374007202	0.32685158158516386	0.1991966746201056	0.24113835435243444	0.23281338944229624	0.11301290015175762	2.6357719778804855E-4	2.635771977880485E-4	-20342.911051818115	0.0	-171.34621633786625
68200	-20530.100730293565	-184.946604957481	-20345.154125336085	3.3099615487141656	2006.0930384512858	80.49573149344187	436.60522952884156	2.094076003902076	8.104780374007202	0.32685158158516386	0.1991966746201056	0.24113835435243444	0.23281338944229624	0.11301290015175762	2.556163361602047E-4	2.556163361602046E-4	-20345.154125336085	0.0	-170.58322097298853
68300	-20526.309758343818	-189.79002766024323	-20336.519730683573	3.3099615487141656	2006.0930384512858	79.87892387699452	436.60522952884156	2.041027686854059	14.055329578766537	0.32685158158516386	0.1991966746201056	0.24113835435243444	0.23281338944229624	0.11301290015175762	2.556163361602047E-4	2.556163361602046E-4	-20336.519730683573	0.0	-174.39101862726676
68400	-20526.187177224463	-189.39186169473655	-20336.795315529725	3.2392657617966014	2006.1637342382035	79.74463488579593	436.60522952884156	2.041027686854059	14.055329578766537	0.32685158158516386	0.1991966746201056	0.24113835435243444	0.23281338944229624	0.11301290015175762	2.556163361602047E-4	2.556163361602046E-4	-20336.795315529725	0.0	-173.99204570248548
68500	-20529.763801116602	-189.83455173877056	-20339.92924937783	3.5743870379588616	2005.8286129620412	82.64569678763071	436.60522952884156	2.041027686854059	15.64514147999501	0.32685158158516386	0.1991966746201056	0.24113835435243444	0.23281338944229624	0.11301290015175762	2.1981033773328489E-4	2.198103377332848E-4	-20339.92924937783	0.0	-174.30676329822538
68600	-20525.48315590183	-187.83028624962247	-20337.652869652207	3.5743870379588616	2005.8286129620412	82.47960436970496	436.60522952884156	2.041027686854059	15.64514147999501	0.32685158158516386	0.1991966746201056	0.24113835435243444	0.23281338944229624	0.11301290015175762	2.1981033773328489E-4	2.1981033773328494E-4	-20337.652869652207	0.0	-172.3015284607025
68700	-20525.433909986827	-187.90313746799364	-20337.530772518832	3.527719141878655	2005.8752808581214	80.43891434259935	402.60612601815	2.041027686854059	15.64514147999501	0.32685158158516386	0.1991966746201056	0.24113835435243444	0.23281338944229624	0.11301290015175762	2.1981033773328489E-4	2.1981033773328494E-4	-20337.530772518832	0.0	-172.47729048197388
68800	-20528.376090243302	-186.51137244813535	-20341.864717795168	3.527719141878655	2005.8752808581214	80.00633533547877	402.60612601815	2.041027686854059	15.64514147999501	0.32685158158516386	0.1991966746201056	0.24113835435243444	0.23281338944229624	0.11301290015175762	2.8770657638816006E-4	2.8770657638816017E-4	-20341.864717795168	0.0	-170.94290426793245
68900	-20530.52817514433	-187.25955459782483	-20343.268620546503	3.527719141878655	2005.8752808581214	80.34094479811961	402.60612601815	2.041027686854059	15.64514147999501	0.32685158158516386	0.1991966746201056	0.24113835435243444	0.23281338944229624	0.11301290015175762	2.1622158112837923E-4	2.1622158112837923E-4	-20343.268620546503	0.0	-171.84163880733018
69000	-20533.170835278164	-189.14426581829585	-20344.026569459867	3.4323352119121835	2005.9706647880878	80.05193383041089	367.2403109661986	2.041027686854059	15.64514147999501	0.32685158158516386	0.1991966746201056	0.24113835435243444	0.23281338944229624	0.11301290015175762	2.1622158112837923E-4	2.1622158112837936E-4	-20344.026569459867	0.0	-173.851826792191
69100	-20533.70836419937	-190.1692830766408	-20343.53908112273	3.7170339424700565	2005.6859660575299	80.90508024831178	367.2403109661986	2.041027686854059	15.64514147999501	0.32685158158516386	0.1991966746201056	0.24113835435243444	0.23281338944229624	0.11301290015175762	2.3255561213294303E-4	2.3255561213294317E-4	-20343.53908112273	0.0	-174.84422575269707
69200	-20532.99306831549	-187.44445721074356	-20345.548611104747	3.5974005971591176	2005.805599402841	81.32009006717081	367.2403109661986	2.041027686854059	15.64514147999501	0.32685158158516386	0.1991966746201056	0.24113835435243444	0.23281338944229624	0.11301290015175762	2.3255561213294303E-4	2.3255561213294314E-4	-20345.548611104747	0.0	-172.1218616127323
69300	-20534.20338126264	-188.08958266675015	-20346.11379859589	3.4886934781786128	2005.9143065218213	80.75957086897472	367.2403109661986	1.8428839710739144	8.652364172081992	0.32685158158516386	0.1991966746201056	0.24113835435243444	0.23281338944229624	0.11301290015175762	2.3736773731485725E-4	2.3736773731485725E-4	-20346.11379859589	0.0	-173.89853440872747
69400	-20536.187996824116	-191.25667840374825	-20344.931318420367	4.2306230534835025	2005.1723769465166	94.00086300569437	367.2403109661986	1.7477300387228334	8.652364172081992	0.3311367891346099	0.1991966746201056	0.2368531468029884	0.23281338944229624	0.11301290015175762	2.0617638423325123E-4	2.061763842332511E-4	-20344.931318420367	0.0	-177.21272365341807
69500	-20532.54915557454	-189.09083615518824	-20343.45831941935	4.100428953200977	2005.3025710467991	92.12395670320323	367.2403109661986	1.7477300387228334	8.652364172081992	0.3311367891346099	0.1991966746201056	0.2368531468029884	0.23281338944229624	0.17059089845322628	2.0617638423325123E-4	2.0617638423325125E-4	-20343.45831941935	0.0	-174.92202791326525
69600	-20532.545787453324	-190.54645424361672	-20341.999333209707	4.100428953200977	2005.3025710467991	91.08382534793958	367.2403109661986	1.7507567006707432	8.652364172081992	0.3311367891346099	0.1991966746201056	0.2368531468029884	0.23281338944229624	0.17059089845322628	2.1371707771804404E-4	2.1371707771804398E-4	-20341.999333209707	0.0	-176.3535054391484
69700	-20533.295179224755	-190.34333458874977	-20342.951844636005	4.096204205287517	2005.3067957947126	91.339960983	367.2403109661986	1.7507567006707432	11.0081289971656	0.3360964364073221	0.1991966746201056	0.2368531468029884	0.22785374216958407	0.17059089845322628	2.1290982059110966E-4	2.1290982059110972E-4	-20342.951844636005	0.0	-175.71590739840687
69800	-20528.87299513978	-191.17719132032406	-20337.695803819457	4.096204205287517	2005.3067957947126	91.9903202993919	322.6637024380486	1.6960652207809563	11.0081289971656	0.3360964364073221	0.1991966746201056	0.2368531468029884	0.22785374216958407	0.17059089845322628	2.1290982059110966E-4	2.1290982059110977E-4	-20337.695803819457	0.0	-176.72757308812714
69900	-20526.36079679583	-191.1908487447692	-20335.16994805106	4.096204205287517	2005.3067957947126	90.47099377506109	331.74141616400846	1.6960652207809563	11.0081289971656	0.3360964364073221	0.1991966746201056	0.2368531468029884	0.22785374216958407	0.17059089845322628	2.1290982059110966E-4	2.1290982059110977E-4	-20335.16994805106	0.0	-176.69643180260275
70000	-20526.82898031279	-193.00123549814023	-20333.827744814647	4.12785791887727	2005.2751420811228	91.30268589375042	331.74141616400846	1.8443534099278622	11.0081289971656	0.3360964364073221	0.1991966746201056	0.2368531468029884	0.22785374216958407	0.17059089845322628	2.1127716108250191E-4	2.112771610825018E-4	-20333.827744814647	0.0	-178.51373205703652
70100	-20529.571745024838	-192.93757765153546	-20336.6341673733	4.312761232187545	2005.0902387678125	93.85846740213442	331.74141616400846	1.6833660770366468	13.029518018783891	0.3360964364073221	0.1991966746201056	0.2368531468029884	0.22785374216958407	0.17059089845322628	2.0586341331022933E-4	2.0586341331022933E-4	-20336.6341673733	0.0	-178.14985382034848
70200	-20528.297987104685	-191.82989745666524	-20336.46808964802	4.312761232187545	2005.0902387678125	95.5627572815959	331.74141616400846	1.6833660770366468	13.027709624217225	0.3360964364073221	0.1991966746201056	0.2368531468029884	0.22785374216958407	0.20048158110012387	2.0586341331022933E-4	2.058634133102292E-4	-20336.46808964802	0.0	-176.99131702282048
70300	-20531.810434621453	-193.15527018434813	-20338.655164437107	4.312761232187545	2005.0902387678125	93.48833167471098	331.74141616400846	1.5948482585465449	13.027709624217225	0.335244744900328	0.2000483661270997	0.2368531468029884	0.22785374216958407	0.20048158110012387	2.0586341331022933E-4	2.0586341331022914E-4	-20338.655164437107	0.0	-178.3070287058306
70400	-20532.040102194198	-194.07114935157264	-20337.968952842624	4.514960663643399	2004.8880393363565	97.26409235381935	331.74141616400846	1.5948482585465449	13.027709624217225	0.335244744900328	0.2000483661270997	0.2368531468029884	0.22785374216958407	0.06887050485838678	2.0257327359523948E-4	2.0257327359523956E-4	-20337.968952842624	0.0	-179.5135249908224
70500	-20530.606375784715	-193.75242062232167	-20336.853955162394	4.514960663643399	2004.8880393363565	97.82422307688105	281.0563308898061	1.5948482585465449	12.279777976303592	0.335244744900328	0.2000483661270997	0.2368531468029884	0.22785374216958407	0.06887050485838678	2.0257327359523948E-4	2.0257327359523948E-4	-20336.853955162394	0.0	-179.53117806478738
70600	-20527.72808056781	-188.1187171678487	-20339.60936339996	3.7064402763304436	2005.6965597236697	86.64035571193736	225.2650165050928	1.5948482585465449	12.279777976303592	0.3341073699216249	0.2000483661270997	0.2368531468029884	0.22899111714828718	0.06887050485838678	2.2704308274138545E-4	2.27043082741385E-4	-20339.60936339996	0.0	-174.05674536009968
70700	-20535.331116063677	-191.8700073603813	-20343.461108703297	3.683202203378103	2005.7197977966218	85.60227549153039	185.25371031097154	1.5948482585465449	12.279777976303592	0.3341073699216249	0.2000483661270997	0.2368531468029884	0.22899111714828718	0.06887050485838678	2.2847554379802515E-4	2.284755437980254E-4	-20343.461108703297	0.0	-178.0343440288035
70800	-20528.98531903879	-191.68664103436495	-20337.298678004427	3.683202203378103	2005.7197977966218	85.14676777318017	185.25371031097154	1.4050505832209457	12.279777976303592	0.3341073699216249	0.2000483661270997	0.2368531468029884	0.22899111714828718	0.06887050485838678	2.4567953455899093E-4	2.456795345589909E-4	-20337.298678004427	0.0	-177.81254777529998
70900	-20526.55963677454	-189.29847857863334	-20337.261158195906	3.7119458617840206	2005.691054138216	85.5567844097341	151.13568833369797	1.4050505832209457	12.279777976303592	0.3341073699216249	0.2000483661270997	0.2368531468029884	0.22899111714828718	0.00973016056679881	2.1144907401991823E-4	2.1144907401991823E-4	-20337.261158195906	0.0	-175.86038048358225
71000	-20533.143237945937	-190.06760455541587	-20343.07563339052	4.145265619101616	2005.2577343808985	85.24613585343276	151.13568833369797	1.432245558030898	9.64672786920531	0.3341073699216249	0.2000483661270997	0.2368531468029884	0.22899111714828718	0.00973016056679881	2.1144907401991823E-4	2.1144907401991826E-4	-20343.07563339052	0.0	-177.08308903886726
71100	-20535.178293660574	-190.80557974784227	-20344.372713912733	4.145265619101616	2005.2577343808985	84.67388794666917	167.45560445516224	1.432245558030898	9.64672786920531	0.3341073699216249	0.2000483661270997	0.2368531468029884	0.22899111714828718	0.00973016056679881	2.1144907401991823E-4	2.1144907401991832E-4	-20344.372713912733	0.0	-177.69905985890668
71200	-20530.17329818518	-190.2497597166192	-20339.92353846856	3.930541321450937	2005.4724586785492	83.90553860825653	157.77153951830732	1.5127185946555637	9.64672786920531	0.3341073699216249	0.2000483661270997	0.2368531468029884	0.22899111714828718	0.027164067378394392	2.2991879734868E-4	2.2991879734868002E-4	-20339.92353846856	0.0	-177.1289459436669
71300	-20534.67058010936	-191.8831552392281	-20342.78742487013	3.930541321450937	2005.4724586785492	84.02769248654882	194.01602209372928	1.5127185946555637	9.64672786920531	0.3341073699216249	0.2000483661270997	0.2368531468029884	0.22899111714828718	0.15959912051209071	2.139764853740702E-4	2.1397648537407028E-4	-20342.78742487013	0.0	-178.29260989845633
71400	-20531.307878854263	-195.59613521142222	-20335.71174364284	4.305606353730416	2005.0973936462697	89.60988596620336	194.01602209372928	1.5127185946555637	9.64672786920531	0.3341073699216249	0.2000483661270997	0.2368531468029884	0.22899111714828718	0.15959912051209071	2.0562812827309914E-4	2.0562812827309908E-4	-20335.71174364284	0.0	-182.05720151985247
71500	-20543.316901717884	-200.91984521812955	-20342.397056499754	5.174809400250804	2004.2281905997493	104.39118655556176	194.01602209372928	1.0962151332848777	9.64672786920531	0.33180470773631765	0.20235102831240692	0.2368531468029884	0.22899111714828718	0.15959912051209071	1.7677988770160955E-4	1.7677988770160941E-4	-20342.397056499754	0.0	-187.53697038810398
71600	-20540.373764344076	-201.33703183113818	-20339.036732512937	4.592455119449013	2004.810544880551	103.41226918677187	136.71547093896496	1.0646395222767866	9.386487160945379	0.33180470773631765	0.20235102831240692	0.2368531468029884	0.22899111714828718	0.15959912051209071	1.9288039966464798E-4	1.9288039966464788E-4	-20339.036732512937	0.0	-188.3609542128653
71700	-20543.356751729672	-202.77427713764462	-20340.58247459203	4.592455119449013	2004.810544880551	102.392309354542	177.0162856190694	1.0508547684068048	10.308388149901932	0.33180470773631765	0.20235102831240692	0.2368531468029884	0.22899111714828718	0.15959912051209071	1.9288039966464798E-4	1.9288039966464804E-4	-20340.58247459203	0.0	-189.32439409030448
71800	-20548.994253372945	-209.01369084784625	-20339.9805625251	5.87528446825886	2003.5277155317413	114.33046670156389	177.0162856190694	0.928942191902294	10.308388149901932	0.33180470773631765	0.20235102831240692	0.2368531468029884	0.22899111714828718	0.15959912051209071	1.7422157844293416E-4	1.7422157844293408E-4	-20339.9805625251	0.0	-195.6708694901151
71900	-20546.301434346824	-209.4011241664507	-20336.900310180372	6.149142834478331	2003.2538571655216	119.14777448324645	177.0162856190694	0.928942191902294	10.308388149901932	0.33180470773631765	0.19273160029673478	0.2368531468029884	0.23861054516395933	0.15959912051209071	1.728927567682177E-4	1.7289275676821768E-4	-20336.900310180372	0.0	-196.08208579024497
72000	-20550.931068561895	-208.87972380665408	-20342.05134475524	5.550439928014027	2003.852560071986	117.03564183218106	177.0162856190694	0.928942191902294	10.308388149901932	0.33180470773631765	0.19273160029673478	0.2368531468029884	0.23861054516395933	0.15959912051209071	1.728927567682177E-4	1.7289275676821757E-4	-20342.05134475524	0.0	-195.55210760006432
72100	-20559.997151854153	-209.8117849101823	-20350.18536694397	5.470886913722822	2003.9321130862772	114.63976412813344	212.2845137432733	0.9410920144127646	10.308388149901932	0.33180470773631765	0.19273160029673478	0.2368531468029884	0.23861054516395933	0.10124217040932096	1.728927567682177E-4	1.7289275676821766E-4	-20350.18536694397	0.0	-196.37406121291264
72200	-20564.481369096568	-210.69134031959592	-20353.79002877697	5.693205724764802	2003.7097942752353	122.99501855854021	212.2845137432733	0.9410920144127646	12.223327318696649	0.33180470773631765	0.19273160029673478	0.2368531468029884	0.23861054516395933	0.038922930005895896	1.6262606116299134E-4	1.626260611629915E-4	-20353.79002877697	0.0	-197.11882128980977
72300	-20563.384461614558	-211.7187441035218	-20351.665717511038	6.762691938658068	2002.640308061342	125.26759585289864	212.2845137432733	0.9410920144127646	12.223327318696649	0.33180470773631765	0.19273160029673478	0.24606537955884336	0.22939831240810438	0.038922930005895896	1.6262606116299134E-4	1.626260611629914E-4	-20351.665717511038	0.0	-198.1550096739021
72400	-20559.260362532845	-209.81540600077884	-20349.444956532065	6.762691938658068	2002.640308061342	121.69234671865173	186.20645023470328	0.931860223065964	12.223327318696649	0.33180470773631765	0.19273160029673478	0.24606537955884336	0.22939831240810438	0.038922930005895896	1.7014938803620617E-4	1.7014938803620617E-4	-20349.444956532065	0.0	-196.37135847042103
72500	-20557.351078634307	-209.40024501408428	-20347.950833620223	6.762691938658068	2002.640308061342	120.12315459015244	152.19424170683016	0.8679197809976416	12.223327318696649	0.33180470773631765	0.19273160029673478	0.24606537955884336	0.22939831240810438	0.04587614422335336	1.7014938803620617E-4	1.701493880362063E-4	-20347.950833620223	0.0	-196.17221705821404
72600	-20549.052552996105	-210.48797179659863	-20338.564581199505	6.01285739255983	2003.39014260744	122.13320807393123	152.19424170683016	0.8652119371103145	12.223327318696649	0.33180470773631765	0.19273160029673478	0.24606537955884336	0.22939831240810438	0.04587614422335336	1.685649615593204E-4	1.685649615593205E-4	-20338.564581199505	0.0	-197.27279762791855
72700	-20547.635567085294	-207.11700579282842	-20340.518561292465	5.7438675951977745	2003.6591324048022	117.16187806875786	152.19424170683016	0.8624788390796224	8.094162395504975	0.33180470773631765	0.19273160029673478	0.24606537955884336	0.22939831240810438	0.04587614422335336	1.4136527314974538E-4	1.4136527314974532E-4	-20340.518561292465	0.0	-194.7275220433782
72800	-20545.872865102734	-207.56989418154828	-20338.302970921184	5.7438675951977745	2003.6591324048022	115.47436625012153	152.19424170683016	0.8624788390796224	8.018909730255732	0.33180470773631765	0.19273160029673478	0.24606537955884336	0.22939831240810438	0.04587614422335336	1.7784709634391434E-4	1.778470963439143E-4	-20338.302970921184	0.0	-195.070229346388
72900	-20546.13270756426	-208.01230926076153	-20338.120398303497	5.7438675951977745	2003.6591324048022	114.44861381818838	116.96245296817489	0.7798104745581832	8.018909730255732	0.33180470773631765	0.19273160029673478	0.24606537955884336	0.22939831240810438	0.04587614422335336	1.7106582546181078E-4	1.710658254618108E-4	-20338.120398303497	0.0	-195.8276793258402
73000	-20550.568409155225	-209.60655900097802	-20340.961850154246	5.248561612519748	2004.1544383874802	118.8253031909416	116.96245296817489	0.7798104745581832	8.018909730255732	0.33180470773631765	0.19273160029673478	0.24606537955884336	0.22939831240810438	0.04587614422335336	1.718474369763361E-4	1.7184743697633615E-4	-20340.961850154246	0.0	-197.4375723774519
73100	-20552.376411494948	-208.3414625610051	-20344.034948933942	5.248561612519748	2004.1544383874802	113.70726712472533	112.90386652971388	0.7798104745581832	8.018909730255732	0.33180470773631765	0.19273160029673478	0.24606537955884336	0.22939831240810438	0.07753567195455663	1.718474369763361E-4	1.7184743697633617E-4	-20344.034948933942	0.0	-196.12736239389628
73200	-20549.28877596103	-207.6534419750925	-20341.635333985938	5.264299125347423	2004.1387008746526	112.36722389522122	112.90386652971388	0.7798104745581832	9.934349332806939	0.33180470773631765	0.19273160029673478	0.24606537955884336	0.22939831240810438	0.21130781843289967	1.7545516516261216E-4	1.754551651626121E-4	-20341.635333985938	0.0	-194.77812988688908
73300	-20555.221105224777	-215.62247825721036	-20339.598626967567	6.173178528221336	2003.2298214717787	128.7866866767982	163.9128650593691	0.8939446874056186	9.934349332806939	0.33180470773631765	0.19273160029673478	0.24606537955884336	0.22939831240810438	0.21130781843289967	1.5433975621508366E-4	1.543397562150837E-4	-20339.598626967567	0.0	-202.45473502807255
73400	-20558.16307641835	-218.47448608648773	-20339.68859033186	6.643131946312839	2002.7598680536871	141.7709111602934	163.9128650593691	0.7180785665866048	9.934349332806939	0.33180470773631765	0.19273160029673478	0.24606537955884336	0.22939831240810438	0.07810936881882245	1.4342133752840594E-4	1.43421337528406E-4	-20339.68859033186	0.0	-205.6591546880377
73500	-20558.26352701127	-218.9853120415317	-20339.278214969738	6.643131946312839	2002.7598680536871	141.06294208026318	223.5080661829911	0.7180785665866048	9.934349332806939	0.33180470773631765	0.19273160029673478	0.24606537955884336	0.22939831240810438	0.07810936881882245	1.4342133752840594E-4	1.4342133752840594E-4	-20339.278214969738	0.0	-205.79818143234866
73600	-20562.237143624734	-220.1655520655725	-20342.07159155916	7.749629723529967	2001.65337027647	156.55903968229777	223.5080661829911	0.7180785665866048	9.934349332806939	0.33180470773631765	0.19273160029673478	0.24606537955884336	0.22939831240810438	0.07810936881882245	1.3595703119166934E-4	1.3595703119166923E-4	-20342.07159155916	0.0	-207.05620500316286
73700	-20559.875384597723	-221.07715545496276	-20338.79822914276	7.886423106880775	2001.5165768931192	157.98831226325584	223.5080661829911	0.7180785665866048	9.934349332806939	0.33180470773631765	0.19273160029673478	0.24606537955884336	0.22939831240810438	0.07810936881882245	1.228359090544745E-4	1.2283590905447445E-4	-20338.79822914276	0.0	-208.0249757392302
73800	-20557.1362735224	-221.49574682895144	-20335.64052669345	7.466778817181028	2001.936221182819	157.80027274822896	223.5080661829911	0.7180785665866048	9.934349332806939	0.33180470773631765	0.19273160029673478	0.24606537955884336	0.22939831240810438	0.07810936881882245	1.228359090544745E-4	1.2283590905447456E-4	-20335.64052669345	0.0	-208.44299475101332
73900	-20558.470360144325	-221.1253255808616	-20337.345034563463	7.466778817181028	2001.936221182819	157.7922297204227	223.5080661829911	0.7180785665866048	9.934349332806939	0.33180470773631765	0.19273160029673478	0.24606537955884336	0.22939831240810438	0.07810936881882245	1.3782032910104032E-4	1.3782032910104026E-4	-20337.345034563463	0.0	-208.0126338394346
74000	-20559.647426504	-218.92374015196998	-20340.72368635203	7.165216212693803	2002.2377837873062	148.90212811436612	223.5080661829911	0.7180785665866048	9.934349332806939	0.33180470773631765	0.19273160029673478	0.24606537955884336	0.22939831240810438	0.07810936881882245	1.331017747912487E-4	1.331017747912486E-4	-20340.72368635203	0.0	-205.80139969014655
74100	-20562.85650782359	-218.32168297439904	-20344.534824849194	7.131673111735191	2002.2713268882649	150.7370420152021	219.19765370969787	0.7786340894146028	9.934349332806939	0.33180470773631765	0.19273160029673478	0.2450730776547119	0.23039061431223584	0.07810936881882245	1.3558442409161345E-4	1.3558442409161361E-4	-20344.534824849194	0.0	-205.21876669150782
74200	-20553.529581144987	-210.71503839602255	-20342.814542748965	6.142838559377813	2003.2601614406221	126.7843547957905	154.90405664678676	0.7786340894146028	9.934349332806939	0.33180470773631765	0.19273160029673478	0.2450730776547119	0.23039061431223584	0.07810936881882245	1.562033641580152E-4	1.5620336415801515E-4	-20342.814542748965	0.0	-197.86656316082428
74300	-20551.51133800402	-211.71429587945775	-20339.797042124563	6.444656507145295	2002.9583434928547	132.01329335506077	154.90405664678676	0.7786340894146028	9.934349332806939	0.3316946521802669	0.19273160029673478	0.2450730776547119	0.23050066986828663	0.07810936881882245	1.5544421515208207E-4	1.5544421515208216E-4	-20339.797042124563	0.0	-198.8877474980642
74400	-20551.43078846186	-211.5213893350528	-20339.90939912681	5.93459915320423	2003.4684008467957	131.4235224980441	158.52104739955186	0.8158364621951913	9.934349332806939	0.3316946521802669	0.19273160029673478	0.2450730776547119	0.23050066986828663	0.07810936881882245	1.5391758638886007E-4	1.5391758638886E-4	-20339.90939912681	0.0	-198.67078194030415
74500	-20545.89933045752	-211.9697997078838	-20333.929530749636	5.302890798581734	2004.1001092014183	127.03982804410532	229.97112628057891	0.9168923460402659	9.934349332806939	0.3316946521802669	0.19273160029673478	0.2450730776547119	0.23050066986828663	0.07810936881882245	1.5391758638886007E-4	1.5391758638886007E-4	-20333.929530749636	0.0	-198.6587498517399
74600	-20547.848211702818	-210.0712916131576	-20337.776920089662	5.306436479060859	2004.096563520939	125.17516248657874	229.97112628057891	0.9243477160360539	9.934349332806939	0.3316946521802669	0.19273160029673478	0.2450730776547119	0.23050066986828663	0.07810936881882245	1.5391758638886007E-4	1.5391758638886005E-4	-20337.776920089662	0.0	-196.75306091431065
74700	-20549.47840778992	-210.51300552593173	-20338.965402263988	5.284467142706669	2004.1185328572933	124.81066592611401	229.97112628057891	0.9642225689850003	9.934349332806939	0.3316946521802669	0.19273160029673478	0.2450730776547119	0.23050066986828663	0.07810936881882245	1.5304631927853113E-4	1.5304631927853105E-4	-20338.965402263988	0.0	-197.1959211994319
74800	-20548.429432225967	-210.72116567862577	-20337.70826654734	4.9797802117481424	2004.4232197882518	116.38499198014863	273.0878101239706	1.0372357958326122	10.701831204921007	0.3316946521802669	0.19273160029673478	0.2450730776547119	0.23050066986828663	0.07810936881882245	1.7018297560873454E-4	1.7018297560873448E-4	-20337.70826654734	0.0	-196.96193534901744
74900	-20548.3448372522	-207.97969537831776	-20340.36514187388	4.983451838882263	2004.4195481611177	115.0012644078283	198.74670406766768	1.0450853286616202	10.701831204921007	0.3316946521802669	0.19273160029673478	0.2450730776547119	0.23050066986828663	0.07810936881882245	1.7018297560873454E-4	1.7018297560873443E-4	-20340.36514187388	0.0	-194.60642737179788
75000	-20548.191084684575	-209.65778882048508	-20338.53329586409	5.254238107782489	2004.1487618922176	120.59244510823558	198.74670406766768	0.9638539942763286	10.701831204921007	0.3316946521802669	0.19273160029673478	0.2450730776547119	0.23050066986828663	0.07810936881882245	1.6127320963541517E-4	1.6127320963541512E-4	-20338.53329586409	0.0	-196.33607996363492
75100	-20550.62255009584	-211.73039568691345	-20338.892154408924	5.417506376002222	2003.9854936239979	123.23913411109845	148.92872155578266	0.843504517762127	10.701831204921007	0.3316946521802669	0.19273160029673478	0.2450730776547119	0.23050066986828663	0.07896106957403326	1.5641289276268402E-4	1.5641289276268394E-4	-20338.892154408924	0.0	-198.77260715677372
75200	-20544.26509835935	-209.88941333026438	-20334.375685029085	6.254126565239499	2003.1488734347606	122.11251306025694	148.92872155578266	0.843504517762127	10.701831204921007	0.3316946521802669	0.19273160029673478	0.2450730776547119	0.23050066986828663	0.07896106957403326	1.5641289276268402E-4	1.5641289276268394E-4	-20334.375685029085	0.0	-196.92720912331512
75300	-20551.590085025786	-210.4752838614518	-20341.114801164334	6.260005714110812	2003.1429942858892	124.29660614942789	148.92872155578266	0.843504517762127	10.701831204921007	0.3316946521802669	0.19273160029673478	0.2450730776547119	0.23050066986828663	0.06076999616806155	1.4979538920907083E-4	1.4979538920907085E-4	-20341.114801164334	0.0	-197.58042111662968
75400	-20551.104088276377	-211.30330711390997	-20339.800781162467	6.260005714110812	2003.1429942858892	123.98363824798341	148.92872155578266	0.843504517762127	10.701831204921007	0.3316946521802669	0.19273160029673478	0.2450730776547119	0.23050066986828663	0.054066027731278415	1.5260585423032923E-4	1.5260585423032923E-4	-20339.800781162467	0.0	-198.41099609666006
75500	-20554.138747627825	-211.6816202031797	-20342.457127424645	6.139144804242515	2003.2638551957575	122.32918269446108	148.92872155578266	0.906733911414668	10.701831204921007	0.3316946521802669	0.19273160029673478	0.2450730776547119	0.23050066986828663	0.054066027731278415	1.5561019489692505E-4	1.55610194896925E-4	-20342.457127424645	0.0	-198.7720970402829
75600	-20551.20367629183	-214.017922099879	-20337.18575419195	6.139144804242515	2003.2638551957575	121.7119639257561	274.18722261713054	0.906733911414668	9.358860013792746	0.3292187370078447	0.19520751546915696	0.2450730776547119	0.23050066986828663	0.09925218274689314	1.59993030605494E-4	1.5999303060549398E-4	-20337.18575419195	0.0	-200.5121250315016
75700	-20555.932927581605	-215.3297215278173	-20340.603206053787	6.57579131128613	2002.8272086887139	132.15756221794283	274.18722261713054	0.906733911414668	9.358860013792746	0.3292187370078447	0.19520751546915696	0.2450730776547119	0.23050066986828663	0.09925218274689314	1.493691536212429E-4	1.4936915362124298E-4	-20340.603206053787	0.0	-201.89918077951484
75800	-20549.45455848643	-216.21340465211904	-20333.24115383431	6.955639299362085	2002.447360700638	136.93111596839606	259.55958737589003	0.8921798493183632	9.358860013792746	0.3327925747097135	0.19520751546915696	0.2414992399528431	0.23050066986828663	0.06563164899139771	1.4741384853415076E-4	1.4741384853415076E-4	-20333.24115383431	0.0	-202.94353290391896
75900	-20549.627886361017	-217.04541694384815	-20332.582469417168	6.955639299362085	2002.447360700638	136.80696224454957	259.55958737589003	0.8921798493183632	9.358860013792746	0.3327925747097135	0.19520751546915696	0.2414992399528431	0.23050066986828663	0.06563164899139771	1.4741384853415076E-4	1.4741384853415095E-4	-20332.582469417168	0.0	-203.77510994825838
76000	-20550.74266988596	-216.59178860804576	-20334.150881277914	6.955639299362085	2002.447360700638	137.01690628411578	259.55958737589003	0.8921798493183632	9.358860013792746	0.3327925747097135	0.19520751546915696	0.2414992399528431	0.23050066986828663	0.06563164899139771	1.4355807331744216E-4	1.435580733174422E-4	-20334.150881277914	0.0	-203.33599782329776
76100	-20545.086581164276	-215.6079541978878	-20329.47862696639	6.348992225314403	2003.0540077746857	136.28550444161525	259.55958737589003	0.8545894308288706	9.358860013792746	0.3327925747097135	0.19520751546915696	0.2414992399528431	0.23050066986828663	0.06563164899139771	1.3338598253032427E-4	1.3338598253032427E-4	-20329.47862696639	0.0	-202.38810075292392
76200	-20550.8043907767	-214.9749960860177	-20335.82939469068	6.645109649196276	2002.7578903508038	136.5003714406961	259.55958737589003	0.8545894308288706	9.358860013792746	0.3327925747097135	0.20088984860264578	0.2414992399528431	0.2248183367347978	0.06563164899139771	1.314766607393977E-4	1.314766607393977E-4	-20335.82939469068	0.0	-201.7633711297549
76300	-20550.90991209881	-214.91845150213058	-20335.99146059668	6.574508479999232	2002.8284915200009	136.97071706153062	219.65808125428003	0.8545894308288706	9.358860013792746	0.3327925747097135	0.20088984860264578	0.2414992399528431	0.2248183367347978	0.06563164899139771	1.5647001146778408E-4	1.5647001146778408E-4	-20335.99146059668	0.0	-201.82469248125062
76400	-20550.230962693935	-215.4326470307802	-20334.798315663156	6.574508479999232	2002.8284915200009	138.51086340324204	202.78183910054162	0.7731487470751702	8.812975413258776	0.3327925747097135	0.19897207854321516	0.2434170100122737	0.2248183367347978	0.06563164899139771	1.413995588443416E-4	1.4139955884434158E-4	-20334.798315663156	0.0	-202.601010021293
76500	-20561.19292756373	-219.19402031717837	-20341.99890724655	6.758545618111248	2002.6444543818889	147.01257139834306	202.78183910054162	0.7731487470751702	10.764696609524329	0.3327925747097135	0.19897207854321516	0.2434170100122737	0.2248183367347978	0.08693816108423197	1.3278087705932064E-4	1.3278087705932066E-4	-20341.99890724655	0.0	-206.01761967660198
76600	-20557.273940189625	-215.20787724670106	-20342.066062942926	6.291531503664462	2003.1114684963356	136.03498502452973	202.78183910054162	0.7731487470751702	10.764696609524329	0.3327925747097135	0.19897207854321516	0.2434170100122737	0.2248183367347978	0.08693816108423197	1.5181542216717957E-4	1.5181542216717966E-4	-20342.066062942926	0.0	-201.92455923869494
76700	-20556.488709663907	-215.01365924081662	-20341.47505042309	5.915463021346441	2003.4875369786537	132.80374309869444	202.78183910054162	0.7731487470751702	10.764696609524329	0.3327925747097135	0.19897207854321516	0.2434170100122737	0.2248183367347978	0.08693816108423197	1.5181542216717957E-4	1.5181542216717952E-4	-20341.47505042309	0.0	-201.71881194874112
76800	-20558.952109001017	-216.16079822049375	-20342.79131078052	5.652580344630015	2003.75041965537	129.250997104055	202.78183910054162	0.7731487470751702	10.764696609524329	0.3327925747097135	0.19897207854321516	0.2434170100122737	0.2248183367347978	0.044365007135983146	1.4515349015127671E-4	1.4515349015127666E-4	-20342.79131078052	0.0	-202.96137642183191
76900	-20564.167904271486	-215.2900986499243	-20348.877805621563	6.242344174506068	2003.160655825494	127.38812711195631	202.78183910054162	0.810617578317587	10.764696609524329	0.3327925747097135	0.19897207854321516	0.2434170100122737	0.2248183367347978	0.044365007135983146	1.5120987017964464E-4	1.5120987017964467E-4	-20348.877805621563	0.0	-202.06210371004715
77000	-20565.421529931362	-216.19263162573785	-20349.228898305624	6.549349492504206	2002.8536505074958	137.68773426044098	195.84576447038586	0.810617578317587	10.764696609524329	0.3327925747097135	0.19897207854321516	0.2434170100122737	0.2248183367347978	0.044365007135983146	1.3976126446976926E-4	1.397612644697692E-4	-20349.228898305624	0.0	-203.0846015751173
77100	-20561.398820704246	-216.24326022194813	-20345.155560482297	6.545485842479288	2002.8575141575207	136.88901224272348	195.84576447038586	0.8448904954428823	10.764696609524329	0.3327925747097135	0.19897207854321516	0.2434170100122737	0.2248183367347978	0.06394278139434048	1.3976126446976926E-4	1.3976126446976902E-4	-20345.155560482297	0.0	-203.09293459500242
77200	-20560.14930115982	-217.69012649433708	-20342.459174665484	6.545485842479288	2002.8575141575207	140.74517692275896	195.84576447038586	0.7622098149670727	10.764696609524329	0.3327925747097135	0.19897207854321516	0.2434170100122737	0.2248183367347978	0.06394278139434048	1.3976126446976926E-4	1.3976126446976918E-4	-20342.459174665484	0.0	-204.55397899753115
77300	-20561.249350847775	-218.09265924555683	-20343.156691602217	6.545485842479288	2002.8575141575207	142.22090744828003	223.84458628185703	0.7622098149670727	10.764696609524329	0.3299525515186934	0.19897207854321516	0.2434170100122737	0.22765835992581795	0.06394278139434048	1.395303384567333E-4	1.3953033845673325E-4	-20343.156691602217	0.0	-204.8008906733186
77400	-20560.272824019896	-219.63381440908182	-20340.639009610815	6.7456443918950875	2002.657355608105	146.78554336600968	223.84458628185703	0.7622098149670727	10.764696609524329	0.3299525515186934	0.19897207854321516	0.2434170100122737	0.22765835992581795	0.06394278139434048	1.3539015724905638E-4	1.3539015724905646E-4	-20340.639009610815	0.0	-206.37287289614792
77500	-20560.96531328356	-220.21292495280895	-20340.75238833075	6.749131974953835	2002.6538680250462	146.65092391302989	223.84458628185703	0.7622098149670727	10.764696609524329	0.3299525515186934	0.19897207854321516	0.2434170100122737	0.22765835992581795	0.06394278139434048	1.460856607392243E-4	1.4608566073922427E-4	-20340.75238833075	0.0	-206.91195814032469
77600	-20568.818099373755	-221.41668449663948	-20347.401414877117	6.776135153332556	2002.6268648466676	143.77067237089847	223.84458628185703	0.8022749634677303	10.764696609524329	0.3299525515186934	0.19897207854321516	0.2434170100122737	0.22765835992581795	0.06394278139434048	1.3552596535102056E-4	1.3552596535102053E-4	-20347.401414877117	0.0	-208.14485312087055
77700	-20560.777207549483	-219.32204329749842	-20341.455164251984	6.482794210381284	2002.9202057896186	141.73281913476183	283.84657172959595	0.8137353980496465	8.788236206378164	0.3299525515186934	0.19897207854321516	0.2434170100122737	0.22765835992581795	0.04153712327544391	1.4165840040607556E-4	1.4165840040607545E-4	-20341.455164251984	0.0	-206.13617336801255
77800	-20567.4764261919	-224.06059827638168	-20343.41582791552	7.252994652196972	2002.150005347803	152.50420011474546	341.8601419236231	0.8481770996947922	13.230052747531833	0.3299525515186934	0.19897207854321516	0.2434170100122737	0.22765835992581795	0.04153712327544391	1.32326447386607E-4	1.3232644738660697E-4	-20343.41582791552	0.0	-209.93134563839183
77900	-20566.72019876654	-224.10323262734417	-20342.616966139194	7.001277069133262	2002.4017229308668	153.30691071687133	341.8601419236231	0.8481770996947922	13.230052747531833	0.3299525515186934	0.19897207854321516	0.2434170100122737	0.22765835992581795	0.04153712327544391	1.3289430208408932E-4	1.3289430208408934E-4	-20342.616966139194	0.0	-209.9742705093937
78000	-20563.94744430157	-224.39395784497762	-20339.553486456593	6.991046016954421	2002.4119539830456	156.32472967079866	429.51471070772334	0.8481770996947922	11.635733148068146	0.3299525515186934	0.19897207854321516	0.2434170100122737	0.22765835992581795	0.04153712327544391	1.3289430208408932E-4	1.3289430208408945E-4	-20339.553486456593	0.0	-210.21184756102355
78100	-20565.009310781785	-222.3062725290481	-20342.703038252737	6.991046016954421	2002.4119539830456	157.99667775764817	429.51471070772334	0.8481770996947922	11.635733148068146	0.3292346415534042	0.19897207854321516	0.2434170100122737	0.22837626989110715	0.04153712327544391	1.3659542650067044E-4	1.3659542650067065E-4	-20342.703038252737	0.0	-208.1149398809866
78200	-20562.08972598052	-223.23805141092083	-20338.8516745696	6.983483984815359	2002.4195160151846	156.19585689208333	466.44050428507734	0.8481770996947922	11.635733148068146	0.3332169178027548	0.19522033000623365	0.2434170100122737	0.22814574217873806	0.04153712327544391	1.3659542650067044E-4	1.3659542650067046E-4	-20338.8516745696	0.0	-208.92191529684513
78300	-20555.172572843643	-220.1250717166162	-20335.04750112703	6.766796814004505	2002.6362031859956	152.13150882952772	439.0047986246015	0.8949129232928394	11.635733148068146	0.3332169178027548	0.19522033000623365	0.2434170100122737	0.22814574217873806	0.019870731879285376	1.4096950146223506E-4	1.4096950146223503E-4	-20335.04750112703	0.0	-205.91074324337185
78400	-20557.54865140469	-220.4321377154259	-20337.116513689263	6.361998023125851	2003.0410019768742	142.2336631373632	439.0047986246015	0.9173977753137628	12.509221821759311	0.3332169178027548	0.19522033000623365	0.2434170100122737	0.22814574217873806	0.019870731879285376	1.4993905529347656E-4	1.4993905529347656E-4	-20337.116513689263	0.0	-206.01179957122307
78500	-20554.304458766546	-220.07892090225116	-20334.225537864295	6.379256034767496	2003.0237439652326	140.9298947266062	439.0047986246015	0.9173977753137628	12.509221821759311	0.3332169178027548	0.19522033000623365	0.2434170100122737	0.22814574217873806	0.019870731879285376	1.4993905529347656E-4	1.4993905529347656E-4	-20334.225537864295	0.0	-205.6541739168201
78600	-20556.617727772566	-219.38640810950545	-20337.23131966306	6.379256034767496	2003.0237439652326	139.79706865966543	502.8256151846446	1.0222183332219523	12.509221821759311	0.3332169178027548	0.19522033000623365	0.2434170100122737	0.22814574217873806	0.00711980204479798	1.5237453221905189E-4	1.523745322190519E-4	-20337.23131966306	0.0	-204.7744343457915
78700	-20556.883591548918	-217.19977714719676	-20339.68381440172	5.97257316359208	2003.4304268364078	140.59300794947313	502.8256151846446	1.0222183332219523	12.509221821759311	0.3332169178027548	0.19522033000623365	0.2434170100122737	0.22814574217873806	0.00711980204479798	1.4851120974489036E-4	1.485112097448903E-4	-20339.68381440172	0.0	-202.60390449000496
78800	-20560.181914312565	-217.70119070264226	-20342.480723609922	6.279736566812538	2003.1232634331875	145.2040100260975	502.8256151846446	1.0222183332219523	12.509221821759311	0.3332169178027548	0.19522033000623365	0.2434170100122737	0.22814574217873806	0.00711980204479798	1.412470183068756E-4	1.4124701830687557E-4	-20342.480723609922	0.0	-203.14689837599911
78900	-20560.65968634798	-214.16383854122319	-20346.495847806757	6.279736566812538	2003.1232634331875	146.37195473939437	502.8256151846446	1.0222183332219523	8.313515538875748	0.3332169178027548	0.19522033000623365	0.2434170100122737	0.22814574217873806	0.00711980204479798	1.3227362719038245E-4	1.322736271903825E-4	-20346.495847806757	0.0	-200.40184263131252
79000	-20555.07449158718	-216.78203681899907	-20338.29245476818	6.279736566812538	2003.1232634331875	142.36256512235565	502.8256151846446	1.0222183332219523	8.313515538875748	0.3332169178027548	0.19522033000623365	0.2434170100122737	0.22814574217873806	0.00711980204479798	1.3423355223882852E-4	1.3423355223882857E-4	-20338.29245476818	0.0	-202.99905100672163
79100	-20561.132080923187	-215.49663900581476	-20345.635441917373	6.279736566812538	2003.1232634331875	144.78444984392158	502.8256151846446	1.0222183332219523	8.313515538875748	0.3332169178027548	0.19522033000623365	0.2434170100122737	0.22814574217873806	0.00711980204479798	1.3423355223882852E-4	1.342335522388286E-4	-20345.635441917373	0.0	-201.72176259762975
79200	-20557.117442552644	-214.46150777666415	-20342.65593477598	6.279736566812538	2003.1232634331875	149.30363771784192	502.8256151846446	1.0222183332219523	10.998841978687391	0.3332169178027548	0.19522033000623365	0.2434170100122737	0.22814574217873806	0.02735568603717743	1.3423355223882852E-4	1.3423355223882855E-4	-20342.65593477598	0.0	-200.15568380639138
79300	-20557.85860586523	-216.75084323336444	-20341.107762631866	6.279736566812538	2003.1232634331875	147.49330874116862	502.8256151846446	1.0222183332219523	10.998841978687391	0.3332169178027548	0.1928012308846557	0.2434170100122737	0.23056484130031601	0.02735568603717743	1.350874489282739E-4	1.3508744892827386E-4	-20341.107762631866	0.0	-202.43586613207577
79400	-20555.124781286035	-218.30374191209984	-20336.821039373935	6.182968166602355	2003.2200318333976	145.5761859783324	502.8256151846446	1.0222183332219523	10.998841978687391	0.3332169178027548	0.1928012308846557	0.2434170100122737	0.23056484130031601	0.02735568603717743	1.350874489282739E-4	1.3508744892827405E-4	-20336.821039373935	0.0	-203.9824821671646
79500	-20552.19367268927	-217.36851260633216	-20334.82516008294	6.189036017960837	2003.213963982039	147.41676522742787	439.37150927229465	0.9820498809974418	10.998841978687391	0.3332169178027548	0.1928012308846557	0.2434170100122737	0.23056484130031601	0.003741199219761849	1.349550065643719E-4	1.349550065643719E-4	-20334.82516008294	0.0	-203.29964423955244
79600	-20553.429857749383	-217.69636754229683	-20335.733490207087	6.279915445961368	2003.1230845540385	147.79295975520756	439.37150927229465	0.9820498809974418	10.998841978687391	0.3332169178027548	0.1928012308846557	0.2434170100122737	0.23056484130031601	0.003741199219761849	1.2286401970566297E-4	1.2286401970566303E-4	-20335.733490207087	0.0	-203.67744131193368
79700	-20557.14190912093	-218.6469928275887	-20338.494916293344	6.376188372634583	2003.0268116273655	155.29039409128066	469.1150599223566	0.9820498809974418	10.998841978687391	0.3332169178027548	0.1928012308846557	0.2434170100122737	0.23056484130031601	0.003741199219761849	1.2982125979678474E-4	1.2982125979678471E-4	-20338.494916293344	0.0	-204.52808630784477
79800	-20555.88326684815	-216.11559845497092	-20339.76766839318	6.376188372634583	2003.0268116273655	157.78310579340044	469.1150599223566	0.9820498809974418	10.998841978687391	0.3332169178027548	0.1928012308846557	0.2434170100122737	0.23056484130031601	0.003741199219761849	1.2982125979678474E-4	1.2982125979678485E-4	-20339.76766839318	0.0	-202.00433056197747
79900	-20564.682071212523	-221.90060004728784	-20342.781471165235	6.650838394256356	2002.7521616057436	165.12720244498885	469.1150599223566	0.9820498809974418	10.998841978687391	0.3332169178027548	0.1928012308846557	0.2434170100122737	0.23056484130031601	0.003741199219761849	1.244602196246247E-4	1.2446021962462468E-4	-20342.781471165235	0.0	-207.83309758546983
80000	-20564.43988369479	-221.5823171347709	-20342.857566560022	6.91944736846884	2002.4835526315312	169.07523893228705	658.2517991220554	0.9989145236265231	10.998841978687391	0.3332169178027548	0.1928012308846557	0.2434170100122737	0.23056484130031601	0.003741199219761849	1.2249452934188297E-4	1.224945293418829E-4	-20342.857566560022	0.0	-207.00672328449534
80100	-20562.320398692722	-217.78591932557717	-20344.534479367147	6.481791954480232	2002.9212080455197	155.46086322341094	658.2517991220554	0.9989145236265231	10.998841978687391	0.3332169178027548	0.1935867147946257	0.2426315261023037	0.23056484130031601	0.003741199219761849	1.3076545107571088E-4	1.307654510757108E-4	-20344.534479367147	0.0	-203.13606300810653
80200	-20562.08927379042	-220.6914281527682	-20341.397845637654	7.027737103482401	2002.3752628965176	163.2403364458503	688.610110163902	0.9989145236265231	10.998841978687391	0.3332169178027548	0.1935867147946257	0.2426315261023037	0.23056484130031601	0.003741199219761849	1.2477119992014722E-4	1.2477119992014722E-4	-20341.397845637654	0.0	-206.01400870991566
80300	-20565.32914899022	-221.7806623671949	-20343.548486623025	7.210829165336678	2002.1921708346633	162.74979032423505	688.610110163902	0.9989145236265231	10.998841978687391	0.3332169178027548	0.1935867147946257	0.2426315261023037	0.23056484130031601	0.003741199219761849	1.2477119992014722E-4	1.2477119992014722E-4	-20343.548486623025	0.0	-207.10179934095643
80400	-20556.149878185068	-216.18407818363735	-20339.96580000143	6.953485849152722	2002.4495141508473	155.7983041087541	427.34912978994083	0.9989145236265231	10.998841978687391	0.3332169178027548	0.191076779271621	0.2451414616253084	0.23056484130031601	0.004003270857500182	1.2938888881004618E-4	1.293888888100461E-4	-20339.96580000143	0.0	-202.20270045924846
80500	-20553.347766781793	-215.21342081253437	-20338.134345969258	6.550751432380423	2002.8522485676197	152.24031757762316	520.2386926755302	1.009094975608119	10.998841978687391	0.3332169178027548	0.191076779271621	0.24194482160250932	0.23376148132311508	0.004003270857500182	1.2114258863827999E-4	1.2114258863827995E-4	-20338.134345969258	0.0	-200.96565392400638
80600	-20547.042449121396	-214.30126755882975	-20332.741181562567	6.3980787675247015	2003.0049212324752	145.21061058004506	520.2386926755302	1.0553491436126694	10.724447565619434	0.3397972302064695	0.191076779271621	0.24194482160250932	0.22718116891940038	0.004003270857500182	1.3588732955825006E-4	1.3588732955825014E-4	-20332.741181562567	0.0	-200.01834279519886
80700	-20549.689456378983	-212.42509393639068	-20337.26436244259	5.945658227865484	2003.4573417721344	136.01143943321568	455.3025225981805	1.0553491436126694	10.724447565619434	0.3397972302064695	0.191076779271621	0.24194482160250932	0.22718116891940038	0.004003270857500182	1.436218311659402E-4	1.4362183116594043E-4	-20337.26436244259	0.0	-198.28009385053352
80800	-20549.37758773751	-211.3800848906118	-20337.997502846898	5.941095853930973	2003.461904146069	138.03191623351896	455.3025225981805	1.0553491436126694	10.724447565619434	0.3397972302064695	0.191076779271621	0.24194482160250932	0.22718116891940038	0.0067427518347895725	1.436728191291209E-4	1.4367281912912097E-4	-20337.997502846898	0.0	-197.23650411394928
80900	-20552.46365400547	-213.75333021187373	-20338.710323793595	5.941095853930973	2003.461904146069	141.00185162853805	455.3025225981805	1.166176227199959	10.724447565619434	0.3397972302064695	0.191076779271621	0.24194482160250932	0.22718116891940038	0.0067427518347895725	1.293368465171297E-4	1.2933684651712983E-4	-20338.710323793595	0.0	-199.6734391128891
81000	-20553.939760635287	-215.28892460397051	-20338.650836031316	5.941095853930973	2003.461904146069	144.89515177212354	455.3025225981805	1.166176227199959	10.724447565619434	0.3397972302064695	0.191076779271621	0.24194482160250932	0.22718116891940038	0.0067427518347895725	1.4317815924671016E-4	1.4317815924671013E-4	-20338.650836031316	0.0	-201.16930834768365
81100	-20549.26973571145	-214.5810617022293	-20334.68867400922	6.055499211065643	2003.3475007889344	145.0844732432343	783.6794184850867	1.166176227199959	10.724447565619434	0.3397972302064695	0.191076779271621	0.24194482160250932	0.22718116891940038	0.0067427518347895725	1.333796645569711E-4	1.3337966455697102E-4	-20334.68867400922	0.0	-199.6280660411835
81200	-20551.61794679783	-215.07855702088568	-20336.539389776943	6.001362652701828	2003.4016373472982	144.03465835835445	507.17602506964437	1.131384443773412	10.724447565619434	0.3397972302064695	0.191076779271621	0.24194482160250932	0.22718116891940038	0.0067427518347895725	1.333796645569711E-4	1.3337966455697112E-4	-20336.539389776943	0.0	-200.83362835544858
81300	-20550.297012052728	-214.9950890072624	-20335.301923045467	6.335496580147815	2003.0675034198523	143.2415951250153	507.17602506964437	1.09366930089323	10.724447565619434	0.3397972302064695	0.191076779271621	0.24194482160250932	0.22718116891940038	0.0067427518347895725	1.394249914052171E-4	1.3942499140521703E-4	-20335.301923045467	0.0	-200.72485315403412
81400	-20551.405061336347	-214.9766722867534	-20336.428389049594	6.602931169492054	2002.800068830508	145.24284927260464	507.17602506964437	1.0051882412325899	10.724447565619434	0.3397972302064695	0.191076779271621	0.24194482160250932	0.22718116891940038	0.0067427518347895725	1.2361264613495608E-4	1.2361264613495605E-4	-20336.428389049594	0.0	-200.77646304374704
81500	-20561.51155755515	-221.49336236238264	-20340.018195192766	7.254962903903559	2002.1480370960965	160.33946294490187	487.3572216266101	1.0051882412325899	10.724447565619434	0.3397972302064695	0.191076779271621	0.24194482160250932	0.22718116891940038	0.0067427518347895725	1.1250309683440703E-4	1.1250309683440684E-4	-20340.018195192766	0.0	-207.44923706945968
81600	-20564.48060133241	-218.75625859546443	-20345.724342736943	7.254962903903559	2002.1480370960965	158.87371882821017	487.3572216266101	0.9492565432185619	10.724447565619434	0.3397972302064695	0.191076779271621	0.24194482160250932	0.22718116891940038	0.03415366643708566	1.1153761573096933E-4	1.1153761573096926E-4	-20345.724342736943	0.0	-204.657906734733
81700	-20562.610982226506	-215.13481645291614	-20347.47616577359	6.699775917811146	2002.7032240821889	146.6459727262098	321.53303027297983	0.9492565432185619	10.724447565619434	0.3397972302064695	0.191076779271621	0.24194482160250932	0.22718116891940038	0.06888290959194425	1.2028064694402478E-4	1.2028064694402471E-4	-20347.47616577359	0.0	-201.47061612879935
81800	-20558.7852718314	-214.9773304761154	-20343.807941355284	6.690180990775257	2002.7128190092249	144.12959770522738	321.53303027297983	0.9492565432185619	10.724447565619434	0.3397972302064695	0.191076779271621	0.24194482160250932	0.22718116891940038	0.06888290959194425	1.3715446722185323E-4	1.3715446722185328E-4	-20343.807941355284	0.0	-201.23670655316718
81900	-20561.695741159474	-216.47663456100491	-20345.21910659847	6.690180990775257	2002.7128190092249	142.07675989211054	275.75361699416464	0.9492565432185619	10.724447565619434	0.3397972302064695	0.191076779271621	0.24194482160250932	0.22718116891940038	0.06888290959194425	1.3715446722185323E-4	1.3715446722185334E-4	-20345.21910659847	0.0	-202.9283378137861
82000	-20565.675631656442	-219.20352773924128	-20346.4721039172	6.690180990775257	2002.7128190092249	136.57138890909025	454.4068365251299	0.9492565432185619	10.724447565619434	0.33605605770523284	0.19481795177285768	0.24194482160250932	0.22718116891940038	0.06888290959194425	1.3715446722185323E-4	1.3715446722185323E-4	-20346.4721039172	0.0	-204.9585872060752
82100	-20562.70207019319	-214.30406035697678	-20348.398009836215	6.19163156506787	2003.2113684349322	128.89251702774146	454.4068365251299	1.1975110094781123	10.724447565619434	0.33605605770523284	0.19481795177285768	0.24194482160250932	0.22718116891940038	0.06888290959194425	1.4564490487190598E-4	1.4564490487190598E-4	-20348.398009836215	0.0	-199.99762995184756
82200	-20561.095390809103	-218.42241940703315	-20342.67297140207	6.19163156506787	2003.2113684349322	129.09944880439153	454.4068365251299	1.1975110094781123	10.724447565619434	0.33605605770523284	0.1909594174705789	0.2458033559047881	0.22718116891940038	0.06888290959194425	1.4564490487190598E-4	1.456449048719061E-4	-20342.67297140207	0.0	-204.11676094964395
82300	-20552.63798421567	-212.36170798885416	-20340.276276226818	5.530467091486294	2003.8725329085137	113.5424738422457	423.28093261816775	1.1975110094781123	10.724447565619434	0.33605605770523284	0.1909594174705789	0.2458033559047881	0.22718116891940038	0.06888290959194425	1.6305667774145456E-4	1.6305667774145464E-4	-20340.276276226818	0.0	-198.03768390834
82400	-20553.703362025102	-209.55812100489175	-20344.14524102021	5.530467091486294	2003.8725329085137	114.30137350322498	268.244095937338	1.1975110094781123	10.724447565619434	0.33605605770523284	0.1909594174705789	0.2476478082270628	0.22533671659712567	0.06888290959194425	1.721689113767207E-4	1.7216891137672067E-4	-20344.14524102021	0.0	-195.81979277821443
82500	-20549.828686034743	-209.14760920397737	-20340.681076830766	5.530467091486294	2003.8725329085137	115.653776831751	285.78682982460305	1.1975110094781123	10.724447565619434	0.33605605770523284	0.1909594174705789	0.2476478082270628	0.22533671659712567	0.06888290959194425	1.7386616622772031E-4	1.7386616622772026E-4	-20340.681076830766	0.0	-195.328999971731
82600	-20551.509832020372	-210.47493101245496	-20341.03490100792	5.572601795019342	2003.8303982049806	113.88134118203338	374.7142235547601	1.1975110094781123	10.724447565619434	0.33605605770523284	0.1909594174705789	0.2476478082270628	0.22533671659712567	0.06888290959194425	1.570101192722457E-4	1.5701011927224563E-4	-20341.03490100792	0.0	-196.34224136767068
82700	-20551.249309909697	-209.781493185162	-20341.467816724537	5.550155250157034	2003.852844749843	114.34928142100408	298.57450482865863	1.1975110094781123	10.724447565619434	0.33605605770523284	0.1909594174705789	0.2476478082270628	0.22533671659712567	0.06888290959194425	1.6735523106540628E-4	1.673552310654063E-4	-20341.467816724537	0.0	-195.92074993768634
82800	-20546.173564405006	-204.51730120659602	-20341.65626319841	5.040413360275021	2004.362586639725	105.78091368896824	199.343068197012	1.022074672893247	10.724447565619434	0.33605605770523284	0.1909594174705789	0.2476478082270628	0.22533671659712567	0.06888290959194425	1.8428002783649222E-4	1.8428002783649208E-4	-20341.65626319841	0.0	-191.07366293606907
82900	-20540.622395640035	-204.1907295697081	-20336.431666070326	4.986752863570823	2004.416247136429	105.46589887001366	199.343068197012	1.022074672893247	10.724447565619434	0.33605605770523284	0.1909594174705789	0.2476478082270628	0.22533671659712567	0.06888290959194425	1.8428002783649222E-4	1.8428002783649224E-4	-20336.431666070326	0.0	-190.74565813210597
83000	-20532.50621216837	-197.7953112292126	-20334.710900939157	4.4949226136687335	2004.9080773863313	96.17870962079503	150.2301749940665	1.16713170015221	9.653720137549932	0.33605605770523284	0.1909594174705789	0.2476478082270628	0.22533671659712567	0.06888290959194425	2.005027986560826E-4	2.0050279865608265E-4	-20334.710900939157	0.0	-184.78638989078328
83100	-20531.385508919906	-198.86285998862326	-20332.522648931284	5.125138375301389	2004.2778616246987	98.74192868578099	150.2301749940665	1.1276617821367547	9.653720137549932	0.33605605770523284	0.1909594174705789	0.24020927432750774	0.23277525049668074	0.06888290959194425	2.005027986560826E-4	2.0050279865608254E-4	-20332.522648931284	0.0	-185.86697023985212
83200	-20529.372957414234	-198.73090985563155	-20330.642047558602	5.125138375301389	2004.2778616246987	99.06048458112622	150.2301749940665	1.1735390701122357	9.653720137549932	0.33605605770523284	0.1909594174705789	0.24020927432750774	0.23277525049668074	0.06888290959194425	2.005027986560826E-4	2.0050279865608254E-4	-20330.642047558602	0.0	-185.73610793929663
83300	-20539.06914120145	-199.3770968691257	-20339.692044332325	5.546028760546784	2003.8569712394533	104.21335846855042	150.2301749940665	1.06280800567553	9.653720137549932	0.33605605770523284	0.1909594174705789	0.24020927432750774	0.23277525049668074	0.06888290959194425	1.9097606806420264E-4	1.909760680642026E-4	-20339.692044332325	0.0	-186.43305680307216
83400	-20533.23500525261	-198.8838266779656	-20334.351178574645	5.140069467971961	2004.2629305320281	101.5533184521342	149.8874550374553	1.0674482600459254	9.977726949861431	0.33605605770523284	0.1909594174705789	0.24020927432750774	0.23277525049668074	0.06888290959194425	1.9315787700539198E-4	1.9315787700539185E-4	-20334.351178574645	0.0	-185.86390625460265
83500	-20537.148908569514	-201.28332427397754	-20335.865584295538	5.313315229608722	2004.0896847703914	104.85494827442673	173.81959404684977	1.0674482600459254	9.977726949861431	0.33605605770523284	0.1909594174705789	0.24020927432750774	0.23277525049668074	0.06888290959194425	1.8685977834723968E-4	1.8685977834723963E-4	-20335.865584295538	0.0	-188.12408094678858
83600	-20544.770104330208	-204.83390516124615	-20339.936199168962	6.031937001788753	2003.3710629982113	109.55235071150544	173.81959404684977	0.9378937992289137	9.977726949861431	0.33605605770523284	0.1909594174705789	0.24020927432750774	0.23277525049668074	0.06888290959194425	1.7123510341773433E-4	1.7123510341773433E-4	-20339.936199168962	0.0	-191.7423641303403
83700	-20549.655796871477	-206.64792511181125	-20343.007871759666	6.520335433496025	2002.882664566504	118.4165890975319	173.81959404684977	0.9378937992289137	9.977726949861431	0.33605605770523284	0.1909594174705789	0.24020927432750774	0.23277525049668074	0.06888290959194425	1.5840892954747176E-4	1.5840892954747176E-4	-20343.007871759666	0.0	-193.6342170110786
83800	-20552.805646657085	-206.80096912515847	-20346.004677531928	6.6431762162916606	2002.7598237837083	118.61640614489374	181.72618530626409	0.9378937992289137	9.977726949861431	0.33605605770523284	0.1909594174705789	0.24020927432750774	0.23277525049668074	0.06888290959194425	1.5840892954747176E-4	1.5840892954747176E-4	-20346.004677531928	0.0	-193.73572712388636
83900	-20549.22734738786	-208.6254964613095	-20340.60185092655	6.684839740672976	2002.718160259327	120.08117481420167	181.72618530626409	0.9378937992289137	9.977726949861431	0.33605605770523284	0.1909594174705789	0.24020927432750774	0.23277525049668074	0.06888290959194425	1.5742163971638377E-4	1.5742163971638374E-4	-20340.60185092655	0.0	-195.56940358476368
84000	-20551.121936466057	-208.64622975207087	-20342.475706713987	6.684839740672976	2002.718160259327	120.39011693441613	181.72618530626409	0.9378937992289137	9.977726949861431	0.33605605770523284	0.1909594174705789	0.24020927432750774	0.23277525049668074	0.06888290959194425	1.6490961834981395E-4	1.6490961834981382E-4	-20342.475706713987	0.0	-195.56723662571372
84100	-20546.66102252428	-205.64407144826868	-20341.016951076013	6.1460776250264235	2003.2569223749736	107.33555961744854	129.4549615871391	0.9318944380688877	12.54349168347022	0.33605605770523284	0.1909594174705789	0.24020927432750774	0.23277525049668074	0.06888290959194425	1.9931966493432537E-4	1.9931966493432553E-4	-20341.016951076013	0.0	-192.36649519827543
84200	-20544.260533064175	-205.64052950109638	-20338.62000356308	6.337288628905376	2003.0657113710947	111.58278458890872	137.78363284203888	0.9318944380688877	12.54349168347022	0.33605605770523284	0.1909594174705789	0.24020927432750774	0.23277525049668074	0.06888290959194425	1.7985562954831466E-4	1.7985562954831472E-4	-20338.62000356308	0.0	-192.36444178459078
84300	-20549.3550705204	-206.36936116202628	-20342.985709358374	6.337288628905376	2003.0657113710947	112.81193690730757	137.78363284203888	0.9511193143664416	12.54349168347022	0.33605605770523284	0.1909594174705789	0.24020927432750774	0.23277525049668074	0.1344610068691715	1.7985562954831466E-4	1.7985562954831472E-4	-20342.985709358374	0.0	-192.96718162174895
84400	-20552.091076902278	-207.73465070250415	-20344.356426199774	6.412119874974357	2002.9908801250256	114.16615373274803	137.78363284203888	0.9511193143664416	12.54349168347022	0.33605605770523284	0.1909594174705789	0.24020927432750774	0.23277525049668074	0.1344610068691715	1.8064592861923972E-4	1.806459286192399E-4	-20344.356426199774	0.0	-194.3359115083633
84500	-20540.023192175053	-202.94474783523648	-20337.078444339815	5.8142115860304875	2003.5887884139695	102.8263481327555	137.78363284203888	0.9511193143664416	12.54349168347022	0.33586774900494926	0.19114772617086245	0.24020927432750774	0.23277525049668074	0.1344610068691715	1.9922277201188737E-4	1.9922277201188734E-4	-20337.078444339815	0.0	-189.44489794824216
84600	-20542.73611750166	-205.09350495802332	-20337.642612543637	6.1124952635533445	2003.2905047364466	106.92742917784197	165.90229704278792	0.9511193143664416	12.54349168347022	0.33586774900494926	0.19114772617086245	0.24020927432750774	0.23277525049668074	0.1344610068691715	1.895008992709246E-4	1.8950089927092452E-4	-20337.642612543637	0.0	-191.42479947783642
84700	-20535.6833790875	-199.16912005356687	-20336.51425903393	5.591027203278035	2003.8119727967219	98.47155286422317	165.90229704278792	1.2282765218068135	12.54349168347022	0.33586774900494926	0.19114772617086245	0.24020927432750774	0.23277525049668074	0.05658407169957019	1.9499019751078163E-4	1.9499019751078158E-4	-20336.51425903393	0.0	-185.5989896343691
84800	-20539.323487133588	-199.822665084555	-20339.500822049034	5.591027203278035	2003.8119727967219	99.15894732681315	165.90229704278792	1.2282765218068135	12.54349168347022	0.33586774900494926	0.19114772617086245	0.24020927432750774	0.23277525049668074	0.03471886212680497	1.9499019751078163E-4	1.9499019751078147E-4	-20339.500822049034	0.0	-186.29960924339463
84900	-20534.41662483787	-198.59852303381916	-20335.818101804052	5.311443499856418	2004.0915565001435	97.49632958851406	165.90229704278792	1.2282765218068135	12.54349168347022	0.33586774900494926	0.19114772617086245	0.24047212509177457	0.23251239973241392	0.03471886212680497	1.9499019751078163E-4	1.949901975107817E-4	-20335.818101804052	0.0	-185.06733670724196
85000	-20536.782614522912	-199.4075504351896	-20337.375064087722	5.311443499856418	2004.0915565001435	97.18116153630821	169.38160062032426	1.2282765218068135	12.54349168347022	0.33586774900494926	0.19114772617086245	0.24047212509177457	0.23251239973241392	0.03933081945876506	2.003842740978331E-4	2.0038427409783296E-4	-20337.375064087722	0.0	-185.82720105118239
85100	-20536.27647581104	-198.75392919976167	-20337.52254661128	4.257306084358971	2005.145693915641	94.25989522624369	175.49378895066067	1.2282765218068135	12.54349168347022	0.33586774900494926	0.19114772617086245	0.24047212509177457	0.23251239973241392	0.03933081945876506	2.0649905494524954E-4	2.0649905494524957E-4	-20337.52254661128	0.0	-185.10177257695253
85200	-20537.466530731548	-202.71415821378895	-20334.75237251776	5.089906163243401	2004.3130938367567	102.8586419498126	227.989138870904	1.2282765218068135	12.54349168347022	0.33586774900494926	0.19114772617086245	0.24047212509177457	0.23251239973241392	0.03933081945876506	1.9077133798992425E-4	1.907713379899242E-4	-20334.75237251776	0.0	-188.83117576218476
85300	-20541.434966896297	-201.80333318338285	-20339.631633712914	4.920020789512048	2004.4829792104879	100.23218063371334	227.989138870904	1.2282765218068135	11.444169588483803	0.33586774900494926	0.19114772617086245	0.24047212509177457	0.23251239973241392	0.03933081945876506	1.973585581335332E-4	1.9735855813353314E-4	-20339.631633712914	0.0	-188.06908137324533
85400	-20539.503365596815	-202.85269686232687	-20336.650668734488	4.62634730839263	2004.7766526916073	100.23787920867207	259.36204569256574	1.25089737343058	11.444169588483803	0.33586774900494926	0.19114772617086245	0.24047212509177457	0.23251239973241392	0.03933081945876506	1.973585581335332E-4	1.973585581335333E-4	-20336.650668734488	0.0	-188.95807521107685
85500	-20540.45541242559	-203.70537774512746	-20336.75003468046	4.5719255004568335	2004.831074499543	98.11693093738518	268.5855692211603	1.25089737343058	11.444169588483803	0.3307052272314732	0.19114772617086245	0.24563464686525058	0.23251239973241392	0.049563847170767214	1.973585581335332E-4	1.9735855813353333E-4	-20336.75003468046	0.0	-189.73588232901483
85600	-20537.928499666228	-200.96500321065886	-20336.96349645557	4.629449831258856	2004.7735501687412	101.11758878660987	268.5855692211603	1.25089737343058	11.444169588483803	0.3307052272314732	0.19114772617086245	0.24563464686525058	0.23251239973241392	0.049563847170767214	1.973585581335332E-4	1.973585581335333E-4	-20336.96349645557	0.0	-187.0099776614442
85700	-20540.21132080553	-201.95507023951615	-20338.256250566013	5.3123981216766225	2004.0906018783235	102.51900154181425	268.5855692211603	1.25089737343058	11.02027352320029	0.3307052272314732	0.19114772617086245	0.24563464686525058	0.23251239973241392	0.049563847170767214	1.9470217443259065E-4	1.947021744325906E-4	-20338.256250566013	0.0	-188.08570971628743
85800	-20539.48473238405	-203.67304697497246	-20335.81168540908	5.624365684595303	2003.7786343154048	109.30128040980858	268.5855692211603	1.25089737343058	11.02027352320029	0.3307052272314732	0.19114772617086245	0.24563464686525058	0.23251239973241392	0.049563847170767214	1.8390259875438264E-4	1.8390259875438256E-4	-20335.81168540908	0.0	-189.86410871726787
85900	-20540.04231052703	-202.58201803503135	-20337.460292492	5.018468221242822	2004.3845317787573	100.892068682549	268.5855692211603	1.256857804866313	11.02027352320029	0.3307052272314732	0.19114772617086245	0.24563464686525058	0.23251239973241392	0.049563847170767214	1.9228435223669736E-4	1.9228435223669728E-4	-20337.460292492	0.0	-188.7114080934505
86000	-20538.544047348747	-202.29260533490236	-20336.251442013843	4.843705733310554	2004.5592942666894	101.29629729297083	268.5855692211603	1.256857804866313	13.991996478366236	0.3307052272314732	0.19114772617086245	0.24563464686525058	0.23251239973241392	0.049563847170767214	1.9228435223669736E-4	1.922843522366973E-4	-20336.251442013843	0.0	-187.9530490117604
86100	-20537.003466934268	-202.0400073804552	-20334.963459553812	4.843705733310554	2004.5592942666894	103.60403523502414	283.66610588628623	1.256857804866313	13.991996478366236	0.3307052272314732	0.19114772617086245	0.24563464686525058	0.23251239973241392	0.03654080397997444	1.9228435223669736E-4	1.922843522366972E-4	-20334.963459553812	0.0	-187.66766239743495
86200	-20535.417512428958	-198.85721576378432	-20336.560296665175	4.843705733310554	2004.5592942666894	105.2047339100096	271.39160263742036	1.256857804866313	13.991996478366236	0.3307052272314732	0.19114772617086245	0.24563464686525058	0.23251239973241392	0.03654080397997444	1.9561298355043162E-4	1.956129835504316E-4	-20336.560296665175	0.0	-184.53976271057525
86300	-20539.85186674339	-197.9931797369807	-20341.85868700641	4.843705733310554	2004.5592942666894	103.48456959333075	271.39160263742036	1.4142362308039458	13.991996478366236	0.3307052272314732	0.19114772617086245	0.24563464686525058	0.23251239973241392	0.03654080397997444	1.9561298355043162E-4	1.956129835504317E-4	-20341.85868700641	0.0	-183.66624649453667
86400	-20539.582795548922	-193.0451205744872	-20346.537674974436	4.5422999234407175	2004.8607000765594	89.65551465810215	206.38191871805802	1.4142362308039458	13.991996478366236	0.3307052272314732	0.19114772617086245	0.24563464686525058	0.23251239973241392	0.03654080397997444	2.172741868688138E-4	2.17274186868814E-4	-20346.537674974436	0.0	-178.9332857769891
86500	-20532.503624434627	-193.45824183181344	-20339.045382602813	4.360638077517721	2005.0423619224823	91.6900072791674	206.38191871805802	1.4142362308039458	13.991996478366236	0.329247827789992	0.19114772617086245	0.24563464686525058	0.23396979917389513	0.039635623900423904	2.172741868688138E-4	2.1727418686881374E-4	-20339.045382602813	0.0	-179.35099469679176
86600	-20537.14647021206	-195.43884408362757	-20341.707626128435	4.388629910636255	2005.0143700893639	91.33105424646858	206.38191871805802	1.3274138136185138	13.991996478366236	0.329247827789992	0.19114772617086245	0.24563464686525058	0.23396979917389513	0.039635623900423904	2.172741868688138E-4	2.1727418686881395E-4	-20341.707626128435	0.0	-181.3305818952321
86700	-20545.932744508882	-197.69843700350526	-20348.234307505376	4.388629910636255	2005.0143700893639	91.02935019245602	206.38191871805802	1.2672416877628725	13.991996478366236	0.329247827789992	0.19114772617086245	0.24563464686525058	0.23396979917389513	0.039635623900423904	2.020345141918588E-4	2.0203451419185882E-4	-20348.234307505376	0.0	-183.6269356788568
86800	-20544.22935662548	-197.69224938189566	-20346.537107243585	4.338425470671208	2005.0645745293289	91.43490460133931	206.38191871805802	1.3673442568404608	12.873541403261324	0.329247827789992	0.19114772617086245	0.24563464686525058	0.23396979917389513	0.039635623900423904	2.020345141918588E-4	2.020345141918589E-4	-20346.537107243585	0.0	-183.79034086075737
86900	-20545.13182674471	-199.0879387614384	-20346.043887983273	4.14002033650994	2005.2629796634901	93.67312888834167	198.58835006530867	1.3673442568404608	12.873541403261324	0.33284505404675396	0.1875504999141005	0.24563464686525058	0.23396979917389513	0.039635623900423904	2.154785197886906E-4	2.1547851978869048E-4	-20346.043887983273	0.0	-185.21044880741533
87000	-20549.1773430486	-199.80124332624086	-20349.376099722358	4.6368117698027955	2004.7661882301973	95.74540798358571	198.58835006530867	1.3673442568404608	12.873541403261324	0.33284505404675396	0.1875504999141005	0.24563464686525058	0.23396979917389513	0.039635623900423904	2.139539719616872E-4	2.1395397196168704E-4	-20349.376099722358	0.0	-185.9379436187209
87100	-20547.93820197359	-200.60899359390078	-20347.329208379688	4.363556604889614	2005.0394433951103	96.14868164025164	282.03676208508386	1.3673442568404608	12.873541403261324	0.33284505404675396	0.1875504999141005	0.24563464686525058	0.23396979917389513	0.008224605921147671	2.0732176765872172E-4	2.0732176765872153E-4	-20347.329208379688	0.0	-186.39301236451047
87200	-20539.663819073434	-199.39630374881372	-20340.26751532462	4.269450932240617	2005.1335490677593	97.15085615138285	282.03676208508386	1.3673442568404608	12.873541403261324	0.33284505404675396	0.1875504999141005	0.24563464686525058	0.23396979917389513	0.008224605921147671	2.0732176765872172E-4	2.0732176765872178E-4	-20340.26751532462	0.0	-185.18529936083664
87300	-20545.666353257082	-196.04372030613104	-20349.62263295095	4.185638375050454	2005.2173616249495	94.72822704569518	290.41341233582637	1.5533481381944858	12.873541403261324	0.3282425581393232	0.1875504999141005	0.24563464686525058	0.23857229508132588	0.008336815687174435	2.219998979632369E-4	2.2199989796323682E-4	-20349.62263295095	0.0	-181.74529893124867
87400	-20546.212371630594	-197.55888995794788	-20348.653481672645	3.999493597473299	2005.4035064025268	94.25003701973384	290.41341233582637	1.5047247020841676	13.468866379692654	0.3282425581393232	0.1875504999141005	0.24563464686525058	0.23857229508132588	0.008336815687174435	1.861289347035806E-4	1.8612893470358044E-4	-20348.653481672645	0.0	-183.2591746921452
87500	-20546.138753469575	-196.68604048192753	-20349.452712987648	3.9621723119330907	2005.440827688067	93.04097059741643	267.14233377192403	1.5724493613438064	11.33284536684065	0.3282425581393232	0.1875504999141005	0.24563464686525058	0.23857229508132588	0.008336815687174435	2.2927832341195235E-4	2.292783234119521E-4	-20349.452712987648	0.0	-182.7178618195546
87600	-20549.696334258046	-197.824582647353	-20351.87175161069	4.009788297720029	2005.39321170228	94.09053634253902	267.14233377192403	1.3696179087217821	11.33284536684065	0.3282425581393232	0.1875504999141005	0.24563464686525058	0.23857229508132588	0.008336815687174435	2.2229107897095657E-4	2.2229107897095657E-4	-20351.87175161069	0.0	-183.87993233700138
87700	-20544.99283807554	-194.75081460030046	-20350.24202347524	3.8159497194642147	2005.5870502805358	87.29813123070947	217.00829709560622	1.3696179087217821	11.33284536684065	0.3282425581393232	0.1875504999141005	0.24563464686525058	0.23857229508132588	0.008336815687174435	2.3668300391735254E-4	2.3668300391735275E-4	-20350.24202347524	0.0	-180.99535877937927
87800	-20543.673148305974	-194.7372188702902	-20348.935929435684	4.013535394101999	2005.389464605898	88.31166009337353	217.00829709560622	1.3696179087217821	11.33284536684065	0.3282425581393232	0.1875504999141005	0.24563464686525058	0.23857229508132588	0.008336815687174435	2.3668300391735254E-4	2.366830039173526E-4	-20348.935929435684	0.0	-180.98729471104082
87900	-20542.71916251975	-193.7649189690715	-20348.954243550677	3.9438989280214285	2005.4591010719787	88.81398163373908	147.3927334977077	1.3445746287207294	11.33284536684065	0.3282425581393232	0.1875504999141005	0.24563464686525058	0.23857229508132588	0.008336815687174435	2.2254520392688505E-4	2.225452039268852E-4	-20348.954243550677	0.0	-180.506077324022
88000	-20538.91889851234	-193.56573973810188	-20345.35315877424	3.8725541789899385	2005.53044582101	87.78725777054969	121.42938135315997	1.3053682460683425	11.33284536684065	0.32663243818697796	0.18916061986644572	0.24563464686525058	0.23857229508132588	0.03688392617281078	2.1092510021937923E-4	2.1092510021937917E-4	-20345.35315877424	0.0	-180.4919816317095
88100	-20534.76225577032	-193.14161400598667	-20341.620641764333	4.002470804924582	2005.4005291950755	88.57794663307017	121.42938135315997	1.298357068620745	11.33284536684065	0.3410044069334235	0.18916061986644572	0.24563464686525058	0.22420032633488035	0.03688392617281078	2.073978381092569E-4	2.0739783810925675E-4	-20341.620641764333	0.0	-180.08098706203143
88200	-20524.13327831696	-188.29333201478622	-20335.839946302174	3.6580328465410687	2005.744967153459	79.49151739113582	121.42938135315997	1.4022488170095035	11.33284536684065	0.3410044069334235	0.18916061986644572	0.23993907404207263	0.2298958991580583	0.03688392617281078	2.48494176409834E-4	2.4849417640983377E-4	-20335.839946302174	0.0	-175.0857772792701
88300	-20519.430352020638	-188.12407786882605	-20331.30627415181	3.60492421935022	2005.7980757806497	78.61466992971488	121.42938135315997	1.4022488170095035	11.33284536684065	0.3410044069334235	0.18916061986644572	0.23993907404207263	0.2298958991580583	0.03688392617281078	2.521550535243121E-4	2.5215505352431183E-4	-20331.30627415181	0.0	-174.90359483919852
88400	-20523.37206324835	-191.5312924124454	-20331.840770835905	3.735863443652757	2005.6671365563473	81.53520015933353	121.42938135315997	1.441756477785729	11.33284536684065	0.3410044069334235	0.18916061986644572	0.23993907404207263	0.2298958991580583	0.04516244005539519	2.433172071708716E-4	2.4331720717087174E-4	-20331.840770835905	0.0	-178.329918811127
88500	-20524.439728811005	-190.72365859285696	-20333.716070218146	3.5512241577021477	2005.851775842298	79.88375712727733	121.42938135315997	1.441756477785729	11.33284536684065	0.3410044069334235	0.18916061986644572	0.23993907404207263	0.2298958991580583	0.005909687264430929	2.433172071708716E-4	2.433172071708716E-4	-20333.716070218146	0.0	-177.5909611772697
88600	-20527.237627414048	-189.6286541278036	-20337.608973286246	3.505834196956428	2005.8971658030437	77.54534995256114	167.33403908455008	1.482925413039316	11.33284536684065	0.3367315877409814	0.18916061986644572	0.23993907404207263	0.23416871835050038	0.005909687264430929	2.464674298744529E-4	2.464674298744528E-4	-20337.608973286246	0.0	-176.10833978599672
88700	-20529.850558536	-188.74378307597112	-20341.10677546003	3.479945328239739	2005.9230546717604	78.80001846046049	167.33403908455008	1.482925413039316	11.33284536684065	0.3467390942815843	0.18916061986644572	0.23993907404207263	0.2241612118098975	0.005909687264430929	2.3820213612149916E-4	2.382021361214992E-4	-20341.10677546003	0.0	-175.24889107205027
88800	-20535.947758263817	-189.88045674252632	-20346.067301521292	3.479945328239739	2005.9230546717604	78.70202247229577	168.0205018235638	1.566831600092377	9.639102966017083	0.3467390942815843	0.18916061986644572	0.23993907404207263	0.2241612118098975	0.005909687264430929	2.708755736344505E-4	2.708755736344506E-4	-20346.067301521292	0.0	-176.6139130458396
88900	-20539.783929577065	-195.67721016016125	-20344.106719416905	4.147029090338131	2005.255970909662	87.11544362463994	168.0205018235638	1.394294705618282	9.639102966017083	0.3467390942815843	0.18916061986644572	0.23993907404207263	0.2241612118098975	0.005909687264430929	2.1228010859779077E-4	2.122801085977906E-4	-20344.106719416905	0.0	-182.58787652791574
89000	-20531.96312431109	-193.16818626050286	-20338.794938050585	3.885519372068147	2005.517480627932	81.44612065998197	168.0205018235638	1.4806804120543855	9.639102966017083	0.3467390942815843	0.18916061986644572	0.23993907404207263	0.2241612118098975	0.005909687264430929	2.2671265155822836E-4	2.267126515582283E-4	-20338.794938050585	0.0	-180.01148219818006
89100	-20534.90949993793	-192.1350821821695	-20342.77441775576	3.881939708507222	2005.5210602914929	82.43831824156955	168.0205018235638	1.4806804120543855	9.639102966017083	0.3359452290297908	0.18916061986644572	0.25073293929386614	0.2241612118098975	0.005909687264430929	2.2671265155822836E-4	2.2671265155822852E-4	-20342.77441775576	0.0	-178.98420750140085
89200	-20529.663793603428	-190.29073569688828	-20339.373057906538	3.8018209237561162	2005.6011790762439	80.55495858744672	168.0205018235638	1.4806804120543855	9.639102966017083	0.3359452290297908	0.18916061986644572	0.25073293929386614	0.2241612118098975	0.005121253764664321	2.393053676231342E-4	2.3930536762313434E-4	-20339.373057906538	0.0	-177.10226658340457
89300	-20532.508142571125	-190.0688815062608	-20342.439261064865	3.8018209237561162	2005.6011790762439	81.89259621194866	168.0205018235638	1.547293436339151	9.639102966017083	0.3359452290297908	0.18916061986644572	0.25073293929386614	0.2241612118098975	0.005121253764664321	2.393053676231342E-4	2.3930536762313412E-4	-20342.439261064865	0.0	-176.88766061845965
89400	-20535.05808032928	-192.85653985883286	-20342.201540470447	3.8868897872655546	2005.5161102127345	84.23294854197664	168.0205018235638	1.547293436339151	9.639102966017083	0.3359452290297908	0.18916061986644572	0.25073293929386614	0.2241612118098975	0.005121253764664321	2.3406790611287876E-4	2.3406790611287876E-4	-20342.201540470447	0.0	-179.70035344197515
89500	-20536.0642348136	-191.1545811096534	-20344.909653703944	3.780500622422607	2005.6224993775775	82.35153951845832	168.0205018235638	1.522470712623849	9.639102966017083	0.3359452290297908	0.18916061986644572	0.25073293929386614	0.2241612118098975	0.002897796817921577	2.4065494088287406E-4	2.4065494088287406E-4	-20344.909653703944	0.0	-177.97781682748868
89600	-20539.856133926587	-193.58656366720717	-20346.26957025938	3.7995383629184682	2005.6034616370816	82.17580580445156	168.0205018235638	1.404836272803424	9.639102966017083	0.3359452290297908	0.2019065434369681	0.23798701572334377	0.2241612118098975	0.002897796817921577	2.4065494088287406E-4	2.406549408828737E-4	-20346.26957025938	0.0	-180.40994990772177
89700	-20537.795049660384	-194.2559223196407	-20343.539127340744	3.7995383629184682	2005.6034616370816	82.69246587988482	122.73014892881183	1.1538393337175739	9.639102966017083	0.3314733979764183	0.2019065434369681	0.23798701572334377	0.22863304286327002	0.002897796817921577	2.33447856960755E-4	2.334478569607546E-4	-20343.539127340744	0.0	-181.45970086977553
89800	-20533.913713801587	-193.07233981145055	-20340.841373990137	3.5020030309388046	2005.9009969690612	81.5744775334491	122.73014892881183	1.2092306958922785	9.639102966017083	0.3314733979764183	0.2019065434369681	0.23798701572334377	0.22863304286327002	0.002897796817921577	2.33447856960755E-4	2.33447856960755E-4	-20340.841373990137	0.0	-180.26901941077514
89900	-20537.49682682623	-193.08272339569385	-20344.414103430536	3.509658475217508	2005.8933415247825	82.54919214415146	122.73014892881183	1.2485543841010145	9.639102966017083	0.3314733979764183	0.2019065434369681	0.23798701572334377	0.22863304286327002	0.002897796817921577	2.3293864870771124E-4	2.3293864870771135E-4	-20344.414103430536	0.0	-180.2858550374401
90000	-20530.29329897225	-191.02997891400437	-20339.263320058246	3.451474597650634	2005.9515254023495	82.07252575175998	122.73014892881183	1.346086244444259	9.639102966017083	0.3314733979764183	0.2019065434369681	0.24203912012042753	0.22458093846618626	0.002897796817921577	2.3686545547784598E-4	2.3686545547784612E-4	-20339.263320058246	0.0	-178.22066986811686
90100	-20536.69776775923	-191.4621930291136	-20345.235574730115	3.7238923825409906	2005.679107617459	82.49713829062568	122.73014892881183	1.4580696910454565	9.639102966017083	0.3314733979764183	0.2019065434369681	0.24203912012042753	0.22458093846618626	0.002897796817921577	2.4047975205083818E-4	2.4047975205083799E-4	-20345.235574730115	0.0	-178.64637374118774
90200	-20532.014265374462	-190.5324442847093	-20341.481821089754	3.7278401926527405	2005.6751598073472	83.33644966270215	242.63595081217824	1.6088091588184261	9.639102966017083	0.3314733979764183	0.2019065434369681	0.24203912012042753	0.22458093846618626	0.002897796817921577	2.599252885298421E-4	2.59925288529842E-4	-20341.481821089754	0.0	-176.87867891194577
90300	-20538.724217256065	-195.78006484926215	-20342.944152406802	3.7074418850330555	2005.695558114967	90.092823355054	243.30259400115324	1.6596433820902132	9.084755337444351	0.3314733979764183	0.2019065434369681	0.24203912012042753	0.22458093846618626	0.002897796817921577	1.943189963869755E-4	1.9431899638697558E-4	-20342.944152406802	0.0	-182.4170536750972
90400	-20530.65792872646	-191.87683366203953	-20338.781095064423	3.578528630341722	2005.8244713696583	87.38163672225389	243.30259400115324	1.6237184241840594	12.754035381060097	0.3314733979764183	0.2019065434369681	0.24203912012042753	0.22458093846618626	0.002897796817921577	2.084595826767674E-4	2.0845958267676746E-4	-20338.781095064423	0.0	-177.82501784982705
90500	-20530.934800120507	-191.39767830574812	-20339.53712181476	3.578528630341722	2005.8244713696583	87.42101604556092	243.30259400115324	1.6237184241840594	12.754035381060097	0.3339713380651952	0.19350471857998006	0.24794300488863866	0.22458093846618626	0.002897796817921577	2.084595826767674E-4	2.0845958267676733E-4	-20339.53712181476	0.0	-177.34607956329327
90600	-20533.00701542003	-190.36183844592313	-20342.645176974107	3.4309335830534393	2005.9720664169465	88.12622699348901	220.74618653772822	1.5790409280591666	12.754035381060097	0.3339713380651952	0.19350471857998006	0.24794300488863866	0.22458093846618626	0.002897796817921577	2.2283341171087874E-4	2.2283341171087858E-4	-20342.645176974107	0.0	-176.3997018150059
90700	-20529.104090905978	-191.47494583868908	-20337.629145067287	3.6278129217169184	2005.7751870782831	90.24089410631058	281.3924916705556	1.5790409280591666	12.754035381060097	0.3339713380651952	0.19350471857998006	0.2387730891630826	0.23375085419174232	0.002897796817921577	2.1410985211502533E-4	2.1410985211502528E-4	-20337.629145067287	0.0	-177.241808624942
90800	-20530.369435969325	-189.209186311929	-20341.160249657398	3.6278129217169184	2005.7751870782831	87.01831027436735	281.3924916705556	1.7405621198963905	12.754035381060097	0.3339713380651952	0.19350471857998006	0.2387730891630826	0.23375085419174232	0.002897796817921577	2.1410985211502533E-4	2.141098521150252E-4	-20341.160249657398	0.0	-174.95694180503145
90900	-20537.15577633447	-188.77074764010325	-20348.385028694367	3.6278129217169184	2005.7751870782831	86.3572720554236	281.3924916705556	1.7405621198963905	12.754035381060097	0.3339713380651952	0.19350471857998006	0.2387730891630826	0.23375085419174232	0.002897796817921577	2.493491554444385E-4	2.4934915544443835E-4	-20348.385028694367	0.0	-174.43560625972313
91000	-20539.666124723848	-187.14939267164925	-20352.516732052198	3.4482933562607543	2005.9547066437392	82.44428233804103	281.3924916705556	1.7405621198963905	12.754035381060097	0.3339713380651952	0.19350471857998006	0.2387730891630826	0.23375085419174232	0.002897796817921577	2.6233037467596795E-4	2.623303746759679E-4	-20352.516732052198	0.0	-172.76559633764538
91100	-20548.139570577878	-200.6613594586269	-20347.47821111925	4.051418652512035	2005.351581347488	97.72923303595998	493.9321417547866	1.7405621198963905	12.754035381060097	0.3339713380651952	0.19350471857998006	0.2387730891630826	0.23375085419174232	0.004092105375022012	2.2327786035631074E-4	2.232778603563107E-4	-20347.47821111925	0.0	-185.6659895409256
91200	-20553.428496342833	-203.33835694179317	-20350.09013940104	4.313238407513009	2005.089761592487	104.91414286604893	493.9321417547866	1.5981052385194698	12.754035381060097	0.3339713380651952	0.19350471857998006	0.2387730891630826	0.23375085419174232	0.03457351081846422	1.69436541555758E-4	1.6943654155575797E-4	-20350.09013940104	0.0	-188.46093333550036
91300	-20550.229241353958	-201.65122198719294	-20348.578019366763	4.313238407513009	2005.089761592487	105.5741075588372	493.9321417547866	1.5981052385194698	12.754035381060097	0.3339713380651952	0.19350471857998006	0.2387730891630826	0.23375085419174232	0.006597112043403106	1.7959218712635438E-4	1.7959218712635452E-4	-20348.578019366763	0.0	-186.80259750118591
91400	-20544.27713237871	-201.55116186093107	-20342.72597051778	4.313238407513009	2005.089761592487	104.52261605813487	493.9321417547866	1.6036137234357584	12.754035381060097	0.3339713380651952	0.19350471857998006	0.2387730891630826	0.23375085419174232	0.006597112043403106	1.705695731180013E-4	1.7056957311800127E-4	-20342.72597051778	0.0	-186.72438205114815
91500	-20547.31179923174	-201.53055620082364	-20345.781243030913	4.201698600827762	2005.2013013991723	106.7172367978608	493.9321417547866	1.4786979373486338	12.754035381060097	0.3339713380651952	0.19350471857998006	0.2387730891630826	0.23375085419174232	0.006597112043403106	1.705695731180013E-4	1.7056957311800124E-4	-20345.781243030913	0.0	-186.7150408234589
91600	-20540.332921117995	-198.8243708882065	-20341.508550229788	4.2633681190710835	2005.1396318809288	108.16718659849597	606.0205356353445	1.588644480970488	11.127423478900482	0.3339713380651952	0.19350471857998006	0.2387730891630826	0.23375085419174232	0.006597112043403106	1.7282164355027045E-4	1.7282164355027042E-4	-20341.508550229788	0.0	-183.95651423845564
91700	-20540.180736695853	-199.95162011264844	-20340.229116583203	4.602494490508688	2004.8005055094914	112.10359842974837	485.08240177909215	1.5451211964419969	11.127423478900482	0.3339713380651952	0.19350471857998006	0.2387730891630826	0.23375085419174232	0.006597112043403106	1.6828359383274651E-4	1.6828359383274657E-4	-20340.229116583203	0.0	-185.45851519529526
91800	-20539.775030160905	-200.59640082657683	-20339.17862933433	4.715109270845525	2004.6878907291546	110.95768207636156	475.94250060945785	1.5451211964419969	11.127423478900482	0.3339713380651952	0.19350471857998006	0.2387730891630826	0.23375085419174232	0.006597112043403106	2.1408022125709696E-4	2.1408022125709705E-4	-20339.17862933433	0.0	-186.0010624974599
91900	-20544.653548699163	-200.87179062639987	-20343.781758072764	4.715109270845525	2004.6878907291546	109.48921089316039	474.2692402236787	1.5451211964419969	8.263987520719901	0.3339713380651952	0.19350471857998006	0.2387730891630826	0.23375085419174232	0.048136170990204896	2.1408022125709696E-4	2.1408022125709688E-4	-20343.781758072764	0.0	-186.72975817491871
92000	-20546.538809693193	-199.1632062762906	-20347.375603416902	4.715109270845525	2004.6878907291546	109.48775212937728	474.2692402236787	1.4733612239900287	8.263987520719901	0.3339713380651952	0.19350471857998006	0.2387730891630826	0.23375085419174232	0.048136170990204896	2.0788866853005799E-4	2.0788866853005796E-4	-20347.375603416902	0.0	-185.03723703504963
92100	-20545.17619710979	-202.16206224322997	-20343.01413486656	4.715109270845525	2004.6878907291546	108.7285572756151	474.2692402236787	1.4087042240073107	16.696279991516086	0.3339713380651952	0.19350471857998006	0.2387730891630826	0.23375085419174232	0.048136170990204896	1.9368445373849508E-4	1.9368445373849508E-4	-20343.01413486656	0.0	-186.70833022520932
92200	-20543.31904111147	-199.40127352652217	-20343.91776758495	4.3392667948068055	2005.063733205193	108.0056162229532	299.1580648454143	1.4087042240073107	12.43965545374433	0.3339713380651952	0.19350471857998006	0.2387730891630826	0.23375085419174232	0.048136170990204896	1.9368445373849508E-4	1.9368445373849508E-4	-20343.91776758495	0.0	-185.18827047407476
92300	-20544.267286118044	-199.53178972790732	-20344.735496390138	4.6478286399906255	2004.7551713600094	106.79285567747834	287.280782458733	1.4087042240073107	12.43965545374433	0.3339713380651952	0.19350471857998006	0.2387730891630826	0.23375085419174232	0.048136170990204896	1.9368445373849508E-4	1.93684453738495E-4	-20344.735496390138	0.0	-185.36572424480966
92400	-20543.1342060206	-197.82873782718764	-20345.30546819341	4.519611002645324	2004.8833889973546	103.93502316945042	287.280782458733	1.4087042240073107	12.43965545374433	0.3339713380651952	0.19350471857998006	0.2387730891630826	0.23375085419174232	0.048136170990204896	1.9917912198191912E-4	1.9917912198191902E-4	-20345.30546819341	0.0	-183.6351051104309
92500	-20538.99655131752	-194.74371910450972	-20344.25283221301	4.353999862246434	2005.0490001377536	101.45240827053183	287.280782458733	1.413255305580686	9.158896055461737	0.3403314426853147	0.19350471857998006	0.2387730891630826	0.22739074957162284	0.048136170990204896	1.9818973508400076E-4	1.981897350840008E-4	-20344.25283221301	0.0	-181.11521602341983
92600	-20544.504958579866	-200.19687829650024	-20344.308080283365	4.598526803547808	2004.8044731964521	106.27393003082827	287.280782458733	1.3403339365513787	9.158896055461737	0.3403314426853147	0.19350471857998006	0.2387730891630826	0.22739074957162284	0.048136170990204896	1.8829456546887567E-4	1.882945654688757E-4	-20344.308080283365	0.0	-186.6180241802512
92700	-20543.824266203068	-198.34324110460165	-20345.481025098466	4.598526803547808	2004.8044731964521	106.42001124807759	312.0605123686929	1.3555836832530284	9.18128922401502	0.3403314426853147	0.19350471857998006	0.2387730891630826	0.22739074957162284	0.048136170990204896	2.039778116494493E-4	2.0397781164944927E-4	-20345.481025098466	0.0	-184.6114465833185
92800	-20543.27139002537	-198.00966519042308	-20345.261724834945	4.598526803547808	2004.8044731964521	106.62700483717953	312.0605123686929	1.345659566975168	9.18128922401502	0.3403314426853147	0.19350471857998006	0.2387730891630826	0.22739074957162284	0.048136170990204896	2.039778116494493E-4	2.0397781164944927E-4	-20345.261724834945	0.0	-184.27889927493592
92900	-20545.760278734168	-198.0809975083636	-20347.679281225803	4.51329432581208	2004.889705674188	104.30235042429297	269.27207353393635	1.345659566975168	9.18128922401502	0.3403314426853147	0.19350471857998006	0.2387730891630826	0.22739074957162284	0.048136170990204896	2.0096232417568063E-4	2.0096232417568042E-4	-20347.679281225803	0.0	-184.53756151269852
93000	-20542.48736565854	-193.94069556154335	-20348.546670096996	4.426557379353535	2004.9764426206466	98.05944608436121	178.18286813250137	1.345659566975168	9.18128922401502	0.3403314426853147	0.19350471857998006	0.2387730891630826	0.22739074957162284	0.048136170990204896	2.1631790451291161E-4	2.163179045129117E-4	-20348.546670096996	0.0	-180.8329207770801
93100	-20537.62457667696	-191.96298443903598	-20345.661592237924	4.127922692933589	2005.2750773070663	95.81250373036784	178.18286813250137	1.345659566975168	9.18128922401502	0.3403314426853147	0.19350471857998006	0.2387730891630826	0.22739074957162284	0.048136170990204896	2.1631790451291161E-4	2.1631790451291156E-4	-20345.661592237924	0.0	-178.84410536248475
93200	-20536.90633301508	-194.24889106011136	-20342.65744195497	4.127922692933589	2005.2750773070663	96.65371753209276	178.18286813250137	1.345659566975168	9.18128922401502	0.3403314426853147	0.19350471857998006	0.2387730891630826	0.22739074957162284	0.048136170990204896	2.1545403838251262E-4	2.1545403838251251E-4	-20342.65744195497	0.0	-181.1362849954309
93300	-20536.857881586537	-195.23155188695935	-20341.62632969958	4.127922692933589	2005.2750773070663	96.24757246168343	178.18286813250137	1.345659566975168	9.18128922401502	0.3403314426853147	0.19350471857998006	0.2387730891630826	0.22739074957162284	0.15176843521878688	2.1499544019744864E-4	2.1499544019744856E-4	-20341.62632969958	0.0	-181.91077287398335
93400	-20542.5445192883	-196.48763832310775	-20346.056880965192	3.966806988550825	2005.4361930114492	96.57682179860127	178.18286813250137	1.345659566975168	12.377169512024762	0.3403314426853147	0.19350471857998006	0.2387730891630826	0.22739074957162284	0.15176843521878688	2.0088075302850412E-4	2.0088075302850404E-4	-20346.056880965192	0.0	-182.64390505335925
93500	-20543.302626458397	-196.73345480699598	-20346.5691716514	4.085784008080804	2005.3172159919193	96.00081523411241	178.18286813250137	1.1908592793377146	12.377169512024762	0.3403314426853147	0.19350471857998006	0.2387730891630826	0.22739074957162284	0.15176843521878688	2.0088075302850412E-4	2.0088075302850429E-4	-20346.5691716514	0.0	-182.88839420425558
93600	-20545.6475635417	-198.2020670655964	-20347.445496476106	4.528559630367588	2004.8744403696323	102.69633456067854	178.18286813250137	1.1908592793377146	12.377169512024762	0.3403314426853147	0.19350471857998006	0.2387730891630826	0.22739074957162284	0.15176843521878688	1.917605439083221E-4	1.9176054390832218E-4	-20347.445496476106	0.0	-184.4135399634728
93700	-20545.02101422172	-199.18599501272666	-20345.835019208993	4.528559630367588	2004.8744403696323	101.50362369201784	150.52112975657406	1.1148174531044657	12.377169512024762	0.3403314426853147	0.19350471857998006	0.2387730891630826	0.22739074957162284	0.15176843521878688	1.8012429078935704E-4	1.8012429078935712E-4	-20345.835019208993	0.0	-185.62129728929762
93800	-20544.792854737934	-197.87758351518113	-20346.91527122275	4.787433358247193	2004.6155666417528	102.08392819589542	150.52112975657406	1.0919636573475058	12.377169512024762	0.3403314426853147	0.19350471857998006	0.2387730891630826	0.22739074957162284	0.15176843521878688	1.7864001099760572E-4	1.7864001099760578E-4	-20346.91527122275	0.0	-184.32014894840782
93900	-20548.031841864024	-199.9313460427615	-20348.10049582126	5.107294507212706	2004.2957054927874	105.44960442554579	130.2122303374742	1.0919636573475058	12.377169512024762	0.3403314426853147	0.19350471857998006	0.2387730891630826	0.22739074957162284	0.15176843521878688	1.9570005695530146E-4	1.957000569553013E-4	-20348.10049582126	0.0	-186.50722670852082
94000	-20545.622480965325	-196.13239645039113	-20349.490084514935	4.670776943384892	2004.732223056615	94.46158272725215	130.2122303374742	1.0919636573475058	12.377169512024762	0.3403314426853147	0.19292330823455486	0.2387730891630826	0.22797215991704803	0.15176843521878688	1.9981546553870136E-4	1.998154655387013E-4	-20349.490084514935	0.0	-182.6446132052921
94100	-20540.183768353305	-194.41219579300528	-20345.7715725603	4.6387496793327	2004.7642503206673	93.66895252479975	130.2122303374742	1.1493296169796434	12.377169512024762	0.3403314426853147	0.19292330823455486	0.2387730891630826	0.22797215991704803	0.15176843521878688	2.0196543941475395E-4	2.0196543941475393E-4	-20345.7715725603	0.0	-180.91423150340748
94200	-20543.786710274853	-196.4817904791578	-20347.304919795697	4.8736109888999595	2004.5293890111	96.0472177714528	122.74087299811045	1.1493296169796434	12.377169512024762	0.3403314426853147	0.19292330823455486	0.2387730891630826	0.22797215991704803	0.15176843521878688	2.2493713637948966E-4	2.2493713637948952E-4	-20347.304919795697	0.0	-183.00631639215575
94300	-20542.556994547813	-198.2323081565928	-20344.32468639122	4.974105485352772	2004.4288945146473	97.5572253653427	161.91839446047368	1.1493296169796434	12.377169512024762	0.3403314426853147	0.19292330823455486	0.2387730891630826	0.22797215991704803	0.15066454347251362	2.2039261187743414E-4	2.2039261187743406E-4	-20344.32468639122	0.0	-184.46123279436296
94400	-20537.941457292723	-199.14404219601937	-20338.797415096706	4.974105485352772	2004.4288945146473	96.77519246887243	161.91839446047368	1.1493296169796434	12.377169512024762	0.3403314426853147	0.19292330823455486	0.2387730891630826	0.22797215991704803	0.15066454347251362	2.073514286524988E-4	2.073514286524988E-4	-20338.797415096706	0.0	-185.400874766681
94500	-20541.099128328995	-200.23735039917452	-20340.861777929822	4.119372408421675	2005.2836275915784	95.18512150374572	124.93947152288322	1.1232083990022221	12.377169512024762	0.3403314426853147	0.19292330823455486	0.2387730891630826	0.22797215991704803	0.15066454347251362	2.073514286524988E-4	2.073514286524989E-4	-20340.861777929822	0.0	-186.78247310235173
94600	-20531.38812938003	-194.58906246249776	-20336.79906691753	3.9418257987730234	2005.461174201227	85.94441729921837	98.05929563645702	1.1104212688079838	12.377169512024762	0.3403314426853147	0.19292330823455486	0.2387730891630826	0.22797215991704803	0.15066454347251362	2.3573708921470867E-4	2.3573708921470872E-4	-20336.79906691753	0.0	-181.2874720066892
94700	-20536.748048894755	-194.51589867651006	-20342.232150218246	3.9418257987730234	2005.461174201227	85.95872231937153	98.05929563645702	1.1548818340216904	12.377169512024762	0.3403314426853147	0.19292330823455486	0.2387730891630826	0.22797215991704803	0.15066454347251362	2.3573708921470867E-4	2.3573708921470872E-4	-20342.232150218246	0.0	-181.21394345840972
94800	-20534.13013847831	-196.44939758811805	-20337.68074089019	3.8333628950821153	2005.569637104918	85.6790710639743	129.39655869843347	1.1095865825515292	12.519122803959295	0.3403314426853147	0.19292330823455486	0.2387730891630826	0.22797215991704803	0.1411808471812954	2.3573708921470867E-4	2.3573708921470848E-4	-20337.68074089019	0.0	-182.83442138281413
94900	-20530.9686587034	-194.8585272992132	-20336.110131404188	3.784011485435687	2005.6189885145643	85.27182200679293	129.39655869843347	1.1918367142757584	12.519122803959295	0.3403314426853147	0.19292330823455486	0.2387730891630826	0.22797215991704803	0.1411808471812954	2.3573708921470867E-4	2.3573708921470861E-4	-20336.110131404188	0.0	-181.2404423342341
95000	-20528.842155392165	-193.84293652773388	-20334.999218864432	3.6261091522261912	2005.7768908477738	83.08333581080008	129.39655869843347	1.1961959037784347	12.519122803959295	0.3403314426853147	0.19292330823455486	0.2387730891630826	0.22797215991704803	0.08222798975560898	2.4700863089220285E-4	2.470086308922025E-4	-20334.999218864432	0.0	-180.3059400989688
95100	-20536.93370325315	-199.40113232921814	-20337.532570923933	4.135749195325684	2005.2672508046744	95.08493913375925	129.39655869843347	1.1961959037784347	12.519122803959295	0.33862899931758805	0.19292330823455486	0.2387730891630826	0.22967460328477465	0.08222798975560898	2.1657025483300482E-4	2.1657025483300468E-4	-20337.532570923933	0.0	-185.9972829918285
95200	-20534.083985880192	-200.57336676952133	-20333.51061911067	4.135749195325684	2005.2672508046744	93.9888064089663	105.07783082507325	0.9657315518427694	12.519122803959295	0.33862899931758805	0.19292330823455486	0.2387730891630826	0.22967460328477465	0.08222798975560898	1.8590462437185915E-4	1.859046243718592E-4	-20333.51061911067	0.0	-187.47777587151995
95300	-20528.867865843276	-190.57622435237428	-20338.2916414909	3.8286049112955136	2005.5743950887045	77.70397225049892	120.64338121013381	1.283270955567995	12.519122803959295	0.33862899931758805	0.19292330823455486	0.2387730891630826	0.22967460328477465	0.08222798975560898	2.6606058245371534E-4	2.660605824537151E-4	-20338.2916414909	0.0	-177.04631223664387
95400	-20522.389240293323	-189.72847055276478	-20332.66076974056	3.7508244067472507	2005.6521755932529	78.35175932576792	105.14959864819538	1.283270955567995	12.519122803959295	0.33862899931758805	0.19292330823455486	0.2387730891630826	0.22967460328477465	0.08222798975560898	2.525736188512541E-4	2.5257361885125406E-4	-20332.66076974056	0.0	-176.38241564475138
95500	-20525.747301259642	-190.09736192023982	-20335.6499393394	3.8476511322948364	2005.555348867705	79.02818780256888	95.72760719679825	1.283270955567995	12.519122803959295	0.33862899931758805	0.19292330823455486	0.2387730891630826	0.22967460328477465	0.20939809495302725	2.525736188512541E-4	2.525736188512542E-4	-20335.6499393394	0.0	-176.6042995064275
95600	-20527.250741707376	-188.6991846188145	-20338.551557088562	3.8476511322948364	2005.555348867705	76.10511490917298	95.72760719679825	1.283270955567995	12.519122803959295	0.33862899931758805	0.19292330823455486	0.2387730891630826	0.22967460328477465	0.20939809495302725	2.525736188512541E-4	2.5257361885125434E-4	-20338.551557088562	0.0	-175.1880159356778
95700	-20524.872271331034	-187.60389943898954	-20337.268371892045	3.935943476823138	2005.4670565231768	76.11918727772886	95.72760719679825	1.283270955567995	12.519122803959295	0.33862899931758805	0.19292330823455486	0.2387730891630826	0.22967460328477465	0.20939809495302725	2.6419915541654883E-4	2.641991554165489E-4	-20337.268371892045	0.0	-174.06943450545361
95800	-20527.396556605738	-187.6431926096903	-20339.753363996046	3.839769367571381	2005.5632306324287	76.66900006282579	95.72760719679825	1.2462810823765063	7.871181282177706	0.33862899931758805	0.19292330823455486	0.2387730891630826	0.22967460328477465	0.2060998316553837	2.6419915541654883E-4	2.641991554165487E-4	-20339.753363996046	0.0	-174.96786958755519
95900	-20527.913052375563	-189.0426304479424	-20338.870421927622	3.839769367571381	2005.5632306324287	77.69260670389947	95.72760719679825	1.4393410419544077	13.4327747968393	0.33862899931758805	0.19292330823455486	0.2387730891630826	0.22967460328477465	0.2060998316553837	2.6419915541654883E-4	2.6419915541654883E-4	-20338.870421927622	0.0	-175.38213592562127
96000	-20524.910119901157	-190.2842812281796	-20334.62583867298	3.839769367571381	2005.5632306324287	78.01883334157539	98.22134286556202	1.4393410419544077	13.4327747968393	0.3373018006879578	0.19292330823455486	0.2387730891630826	0.23100180191440492	0.2060998316553837	2.6419915541654883E-4	2.6419915541654883E-4	-20334.62583867298	0.0	-176.59761077377036
96100	-20523.794905669958	-188.594330377532	-20335.200575292427	3.5992096086237266	2005.8037903913762	76.00604662767869	98.22134286556202	1.2774173734598946	13.4327747968393	0.3373018006879578	0.19292330823455486	0.2387730891630826	0.23100180191440492	0.2060998316553837	2.4371859252601865E-4	2.4371859252601873E-4	-20335.200575292427	0.0	-174.93864337912305
96200	-20521.75591223394	-187.23591180789367	-20334.520000426048	3.2912821560127457	2006.1117178439872	70.21700996568349	98.22134286556202	1.2774173734598946	13.4327747968393	0.3373018006879578	0.19358409870439208	0.23811229869324538	0.23100180191440492	0.2060998316553837	2.7592701705563287E-4	2.759270170556328E-4	-20334.520000426048	0.0	-173.47770189682635
96300	-20522.140105845396	-185.414922311679	-20336.725183533716	3.2912821560127457	2006.1117178439872	70.42421322126832	103.90854970646882	1.6163128333133712	13.4327747968393	0.3373018006879578	0.19358409870439208	0.23811229869324538	0.23100180191440492	0.16146869243968812	2.8303504568657025E-4	2.8303504568657025E-4	-20336.725183533716	0.0	-171.66886551813812
96400	-20525.3305179393	-186.39572684408841	-20338.93479109521	3.6905593893812663	2005.7124406106188	71.44074443466845	121.1990512352631	1.6163128333133712	13.4327747968393	0.3373018006879578	0.19358409870439208	0.23811229869324538	0.23100180191440492	0.056725380683188366	2.7885445532551865E-4	2.7885445532551865E-4	-20338.93479109521	0.0	-172.70271396377825
96500	-20529.398860428668	-187.62107454463262	-20341.777785884035	3.6905593893812663	2005.7124406106188	72.09811326094312	160.67654143224507	1.728320520955155	13.4327747968393	0.3373018006879578	0.19358409870439208	0.23811229869324538	0.23100180191440492	0.056725380683188366	2.5438630919648433E-4	2.543863091964844E-4	-20341.777785884035	0.0	-173.65786555650178
96600	-20526.58089512949	-188.6737461924201	-20337.90714893707	3.092672065536329	2006.3103279344637	73.2859511203555	160.67654143224507	1.728320520955155	13.4327747968393	0.3373018006879578	0.19358409870439208	0.23811229869324538	0.23100180191440492	0.056725380683188366	2.4094136145469118E-4	2.409413614546912E-4	-20337.90714893707	0.0	-174.74654109825073
96700	-20526.873139213112	-187.88641985547247	-20338.98671935764	3.011426002643161	2006.3915739973568	71.66240772961669	160.67654143224507	1.728320520955155	13.4327747968393	0.3373018006879578	0.19358409870439208	0.23811229869324538	0.23100180191440492	0.056725380683188366	2.8675671929348094E-4	2.867567192934809E-4	-20338.98671935764	0.0	-173.85808109370092
96800	-20524.124027290203	-189.66119257707322	-20334.46283471313	3.011426002643161	2006.3915739973568	71.99005722152543	160.67654143224507	1.611061992319134	13.4327747968393	0.3373018006879578	0.19358409870439208	0.23811229869324538	0.23100180191440492	0.056725380683188366	2.5972998451963394E-4	2.597299845196339E-4	-20334.46283471313	0.0	-175.68765476242157
96900	-20525.447273570677	-190.28683390901773	-20335.16043966166	3.15455590522004	2006.2484440947799	74.67296827221352	160.67654143224507	1.611061992319134	13.4327747968393	0.3373018006879578	0.19358409870439208	0.23811229869324538	0.23100180191440492	0.056725380683188366	2.4794540104813054E-4	2.4794540104813064E-4	-20335.16043966166	0.0	-176.35499132486387
97000	-20525.982965069714	-190.9804405913612	-20335.002524478354	3.619663606281989	2005.783336393718	74.76800312895261	160.67654143224507	1.611061992319134	13.4327747968393	0.3373018006879578	0.19358409870439208	0.23811229869324538	0.23100180191440492	0.056725380683188366	2.4794540104813054E-4	2.4794540104813054E-4	-20335.002524478354	0.0	-177.04921037959082
97100	-20523.816196842832	-191.00928492963587	-20332.806911913198	3.619663606281989	2005.783336393718	75.73132419313274	160.67654143224507	1.6374049787790168	13.4327747968393	0.3373018006879578	0.19358409870439208	0.23811229869324538	0.23100180191440492	0.056725380683188366	2.4794540104813054E-4	2.4794540104813054E-4	-20332.806911913198	0.0	-177.08395335741335
97200	-20526.77853622615	-188.65537635277812	-20338.123159873372	3.4306909489041617	2005.9723090510959	71.51902666943514	199.42524212804204	1.723915303781674	13.4327747968393	0.3373018006879578	0.19358409870439208	0.23811229869324538	0.23100180191440492	0.056725380683188366	2.8858588198504663E-4	2.885858819850464E-4	-20338.123159873372	0.0	-174.36823246547092
97300	-20525.342207888327	-186.20699486401907	-20339.135213024307	3.1652305069021858	2006.2377694930979	67.55181442210707	117.54278066217282	1.723915303781674	13.4327747968393	0.3373018006879578	0.19358409870439208	0.23811229869324538	0.23100180191440492	0.056725380683188366	3.019354418686812E-4	3.01935441868681E-4	-20339.135213024307	0.0	-172.4789404290195
97400	-20522.48618584962	-185.8856664393019	-20336.600519410316	3.1269653370503696	2006.2760346629495	67.87162737482966	117.54278066217282	1.723915303781674	9.424232637685048	0.3373018006879578	0.19358409870439208	0.23811229869324538	0.23100180191440492	0.040485074448734795	2.7550346305707583E-4	2.755034630570757E-4	-20336.600519410316	0.0	-172.91657357742218
97500	-20523.96918541097	-184.66775205266129	-20339.30143335831	3.1269653370503696	2006.2760346629495	68.61526683486375	117.54278066217282	1.643379148873091	12.323272295996857	0.3373018006879578	0.19358409870439208	0.23811229869324538	0.23100180191440492	0.040485074448734795	2.7550346305707583E-4	2.75503463057076E-4	-20339.30143335831	0.0	-171.20007263218767
97600	-20517.173135288947	-181.1915581953802	-20335.981577093567	2.9541066600621666	2006.4488933399377	63.27011908141824	117.54278066217282	1.643379148873091	12.323272295996857	0.3373018006879578	0.19358409870439208	0.23811229869324538	0.23100180191440492	0.040485074448734795	3.213396051009197E-4	3.213396051009197E-4	-20335.981577093567	0.0	-167.60495121424813
97700	-20518.354448940874	-182.13467271388495	-20336.21977622699	3.091326400307133	2006.311673599693	67.05365829589785	117.54278066217282	1.643379148873091	12.323272295996857	0.3373018006879578	0.19358409870439208	0.23811229869324538	0.23100180191440492	0.040485074448734795	2.7720956021660666E-4	2.7720956021660666E-4	-20336.21977622699	0.0	-168.65271139877885
97800	-20518.411993807058	-182.4642077981819	-20335.947786008877	3.091326400307133	2006.311673599693	65.77713936308945	117.54278066217282	1.643379148873091	12.323272295996857	0.3373018006879578	0.19358409870439208	0.23811229869324538	0.23100180191440492	0.040485074448734795	3.002501674963222E-4	3.002501674963224E-4	-20335.947786008877	0.0	-168.93155326076126
97900	-20519.155708990256	-181.36040833751642	-20337.79530065274	3.1016101277439643	2006.301389872256	65.49081817050033	98.34641485805004	1.692268306496356	12.323272295996857	0.3373018006879578	0.19358409870439208	0.23811229869324538	0.23100180191440492	0.040485074448734795	2.9846914265745057E-4	2.984691426574507E-4	-20337.79530065274	0.0	-168.025585376774
98000	-20515.472017723034	-176.5268160524691	-20338.945201670565	2.7823685740887063	2006.6206314259114	58.9654489762362	98.34641485805004	2.0330051089193537	10.83357683980194	0.3373018006879578	0.19358409870439208	0.23811229869324538	0.23100180191440492	0.040485074448734795	3.500627969202684E-4	3.5006279692026843E-4	-20338.945201670565	0.0	-163.3034494273917
98100	-20513.59467694578	-172.24806275300566	-20341.346614192775	2.7886863740792878	2006.6143136259207	54.6941600584487	98.34641485805004	1.9315913243443978	10.83357683980194	0.3373018006879578	0.19358409870439208	0.23811229869324538	0.23100180191440492	0.040485074448734795	3.744460681010198E-4	3.7444606810101984E-4	-20341.346614192775	0.0	-158.95460688999148
98200	-20510.299731292773	-171.88880754459825	-20338.410923748175	2.6718657986467638	2006.7311342013531	54.23745787695653	67.2162783801208	1.7949028062128554	10.83357683980194	0.3373018006879578	0.19358409870439208	0.23811229869324538	0.23100180191440492	0.040485074448734795	3.5966969570038723E-4	3.596696957003873E-4	-20338.410923748175	0.0	-159.0249594599523
98300	-20510.243431716965	-171.70267681271145	-20338.540754904254	2.6718657986467638	2006.7311342013531	54.149772609974036	67.2162783801208	1.7772760971803943	10.83357683980194	0.3373018006879578	0.19358409870439208	0.23811229869324538	0.23100180191440492	0.040485074448734795	3.5966969570038723E-4	3.596696957003872E-4	-20338.540754904254	0.0	-158.83822753273552
98400	-20516.524967700447	-174.60838015810486	-20341.916587542342	2.625174945920507	2006.7778250540796	57.5991342729935	67.2162783801208	1.7772760971803943	11.103364816535072	0.3373018006879578	0.1880888247084407	0.24360757268919675	0.23100180191440492	0.040485074448734795	3.181922508897901E-4	3.1819225088979003E-4	-20341.916587542342	0.0	-161.79066321585663
98500	-20514.539865577688	-171.70867262594612	-20342.83119295174	2.4984262098176115	2006.9045737901824	55.016737684352144	99.67460421737827	1.9811220194009556	11.638104996303058	0.3373018006879578	0.1880888247084407	0.24360757268919675	0.23100180191440492	0.040485074448734795	3.325846750840991E-4	3.325846750840991E-4	-20342.83119295174	0.0	-158.32772565941195
98600	-20518.01898664573	-176.66287023362364	-20341.356116412106	2.676580140840113	2006.72641985916	60.108941024858005	123.94889570309911	1.8369381215746112	11.854133724971305	0.3373018006879578	0.1880888247084407	0.24360757268919675	0.23100180191440492	0.03766391324455861	3.1176280387574075E-4	3.1176280387574054E-4	-20341.356116412106	0.0	-163.08751866113303
98700	-20518.50083472738	-174.2789411064574	-20344.22189362092	2.7648876952194086	2006.6381123047806	60.373022333189155	93.29911675699032	1.936617166783164	11.854133724971305	0.3373018006879578	0.1880888247084407	0.24360757268919675	0.23100180191440492	0.03766391324455861	3.1176280387574075E-4	3.1176280387574054E-4	-20344.22189362092	0.0	-161.01912671886373
98800	-20516.426296217243	-175.78441697313363	-20340.64187924411	2.7648876952194086	2006.6381123047806	60.765980564459085	93.29911675699032	1.6832775540305847	11.854133724971305	0.3373018006879578	0.1880888247084407	0.24360757268919675	0.23100180191440492	0.03766391324455861	3.1176280387574075E-4	3.1176280387574065E-4	-20340.64187924411	0.0	-162.53025734547586
98900	-20512.30542488468	-176.2694882917698	-20336.035936592907	2.7648876952194086	2006.6381123047806	59.589682658000086	74.28334530798631	1.9312640440898963	11.854133724971305	0.3373018006879578	0.1880888247084407	0.24360757268919675	0.23100180191440492	0.03766391324455861	3.1176280387574075E-4	3.117628038757405E-4	-20336.035936592907	0.0	-163.2501534154745
99000	-20515.96690413716	-176.17995622475408	-20339.786947912406	2.7344286529743007	2006.6685713470258	59.77372965713552	88.49421448402352	1.9312640440898963	11.854133724971305	0.3373018006879578	0.1880888247084407	0.24360757268919675	0.23100180191440492	0.03766391324455861	3.622107566680404E-4	3.6221075666804036E-4	-20339.786947912406	0.0	-162.89501239512774
99100	-20516.331668919982	-175.66927733524076	-20340.66239158474	2.7344286529743007	2006.6685713470258	60.387805221792014	114.48851421425582	1.8497458654221177	11.854133724971305	0.3357717907046117	0.18961883469178678	0.24360757268919675	0.23100180191440492	0.03766391324455861	3.622107566680404E-4	3.6221075666804025E-4	-20340.66239158474	0.0	-162.1067626332225
99200	-20513.142653676292	-175.49000691581787	-20337.652646760474	2.881035049854379	2006.5219649501457	60.64543843762683	86.91588056312001	1.747326548166316	11.854133724971305	0.3357717907046117	0.18961883469178678	0.24360757268919675	0.23100180191440492	0.03766391324455861	3.2802127368336385E-4	3.2802127368336385E-4	-20337.652646760474	0.0	-162.28502987769852
99300	-20511.907497979755	-175.02290604814283	-20336.88459193161	2.82226798717487	2006.5807320128251	58.83598533130831	86.91588056312001	1.747326548166316	11.854133724971305	0.3357717907046117	0.18961883469178678	0.24360757268919675	0.23100180191440492	0.03766391324455861	3.118041969134937E-4	3.1180419691349354E-4	-20336.88459193161	0.0	-161.829682841875
99400	-20516.34394429772	-180.23863937497504	-20336.105304922745	3.270456338059991	2006.13254366194	67.37292860933485	116.44283650092319	1.7476660434546516	11.854133724971305	0.3357717907046117	0.18961883469178678	0.24360757268919675	0.23100180191440492	0.03766391324455861	2.8350996222076643E-4	2.8350996222076665E-4	-20336.105304922745	0.0	-166.83827185808715
99500	-20509.565358874344	-180.06906485201048	-20329.496294022334	3.1984400273430036	2006.204559972657	67.91228654894428	122.55664233542696	1.7476660434546516	11.854133724971305	0.3357717907046117	0.18961883469178678	0.24360757268919675	0.23100180191440492	0.09348319739790144	2.8350996222076643E-4	2.835099622207667E-4	-20329.496294022334	0.0	-166.5036572318527
99600	-20509.43813186908	-180.7463115609027	-20328.691820308177	3.1984400273430036	2006.204559972657	67.79132007254537	122.55664233542696	1.6504307898095398	11.854133724971305	0.3357717907046117	0.18961883469178678	0.24360757268919675	0.23100180191440492	0.09348319739790144	2.8350996222076643E-4	2.835099622207666E-4	-20328.691820308177	0.0	-167.1810191861724
99700	-20514.88693075973	-183.25053503267247	-20331.63639572706	3.2687768309523113	2006.1342231690478	68.3974584750374	122.55664233542696	1.7511196380616099	11.854133724971305	0.3298508166033331	0.19553980879306543	0.24360757268919675	0.23100180191440492	0.09348319739790144	2.8350996222076643E-4	2.835099622207664E-4	-20331.63639572706	0.0	-169.68851467464333
99800	-20514.27180179716	-181.67264849425845	-20332.5991533029	3.2687768309523113	2006.1342231690478	68.06778134531606	122.55664233542696	1.7511196380616099	14.780617553721198	0.3298508166033331	0.19553980879306543	0.24360757268919675	0.23100180191440492	0.09348319739790144	2.914459300674515E-4	2.9144593006745153E-4	-20332.5991533029	0.0	-167.64978752939658
99900	-20515.811627862244	-182.7464261982207	-20333.065201664023	3.2687768309523113	2006.1342231690478	67.89392291910477	134.70559221187335	1.7517444260219852	14.780617553721198	0.3298508166033331	0.19553980879306543	0.24360757268919675	0.23100180191440492	0.09348319739790144	2.914459300674515E-4	2.9144593006745153E-4	-20333.065201664023	0.0	-168.61575820359624
100000	-20512.739759965225	-181.3645039115503	-20331.375256053674	3.2435951315564555	2006.1594048684435	68.2506417728788	118.36310351642759	1.7517444260219852	14.780617553721198	0.3298508166033331	0.19553980879306543	0.24360757268919675	0.23100180191440492	0.09348319739790144	2.961890282203562E-4	2.9618902822035626E-4	-20331.375256053674	0.0	-167.373504411643
